Workbook

Sheet README
A1: BRAZIL | CHIKV SEROLOGY
A2: Primary evidence inventory | Search cutoff 10 September 2026 | v1.0
A4: Primary papers | G4: =COUNTA(Sources!A5:A26) -> 22
A5: Sample-site-timepoint records | G5: =COUNTA(Survey_units!A5:A40) -> 36
A6: Assay / endpoint rows | G6: =COUNTA(Raw_observations!A5:A60) -> 56
A7: Rows with directly reported numerator + denominator | G7: =COUNT(Raw_observations!I5:I60) -> 46
A8: Age-specific raw strata | G8: =COUNTA(Age_strata!A5:A19) -> 15
A9: UFs with at least one extracted observation | G9: =COUNTIF(UF_coverage!D5:D31,">0") -> 9
A11: WHAT THIS FILE CONTAINS
A12: Observed Brazilian human serology values traced from primary publications. Cortes-Azuero (2025/2026) and Kang (2024) were starting points; complementary searching extends to 2026-09-10. Values are aggregate observations, NOT published FOI/S estimates and NOT individual participant data.
A15: IMPORTANT COMPLETENESS LIMIT
A16: This is a targeted, partially verified source inventory. The exact Cortes 12-study input table and the Kang extraction supplement could not be fully retrieved. Eight Brazilian primary citations from the Kang bibliography were traced. Do not call this a complete export of either study or an exhaustive systematic review.
A19: START HERE
A20: Priority_view: readable survey inventory. Raw_observations: all measured endpoints. Survey_units: place/date/population. Age_strata: recovered age counts. Sources and Review_trace: provenance. Gaps_exclusions: actions before modelling.
A23: DO NOT POOL EVERY ROW
A24: Several records are the same persons at repeated visits, the same sera tested for IgG/IgM, or pooled totals of listed sub-sites. Use cohort_or_overlap_id and preferred_endpoint_within_sample. None is assumed to represent a whole Brazilian state.
A27: RAW VS REPORTED
A28: Green numbers are imported observations. Black formula percentages are n_positive/n_tested. Reported percentages and confidence intervals are preserved separately. Blank counts mean not recovered, not zero. No numerator was reverse-engineered from a rounded/weighted percentage.
A31: WHAT CHANGES FOR YOUR PROJECT
A32: Evidence extends beyond Juazeiro and Quixada, including local city/household surveys, low-prevalence samples and longitudinal cohorts. This expands calibration options, but it does not supply representative serology for every UF/year. Match geography, ages, dates and assay before use.
... A48: Review local-population records first; retrieve missing numerators and exact sampling frames; complete seed-paper crosswalk. Use design-aware uncertainty and a serological observation model rather than treating every published prevalence as a binomial state-level estimate.

Sheet Priority_view
A1: Priority view
A2: One selected endpoint per sample/site/timepoint. NOT 36 independent surveys. Use roles and cohort IDs; exact counts are separate from reported estimates.
A4: survey_id | B4: source_id | C4: uf | D4: place | E4: collection_dates | F4: population | G4: endpoint | H4: n_tested | I4: n_positive | J4: raw_proportion | K4: reported_proportion | L4: reported_ci_low | M4: reported_ci_high | N4: suggested_role | O4: raw_count_status | P4: repeated_or_pooled_id | Q4: publication | R4: source_url
A5: U01 | B5: P01 | C5: BA | D5: Feira de Santana / George Americo | E5: Abstract: Oct-Dec 2015; methods: Nov-Dec 2015; table caption: 2015-2016 | F5: Residents of selected epidemic hotspots | G5: IgM or IgG | H5: 385 | I5: 220 | J5: =IF(OR(H5="",I5="",H5=0),"",I5/H5) -> 0.57142857 | K5: 0.571 | N5: LOCAL_CONTEXT | O5: DIRECT n/N | P5: DIAS_2015_U01 | Q5: Dias 2018 | R5: https://wwwnc.cdc.gov/eid/article/24/4/17-1370_article
A6: U02 | B6: P01 | C6: BA | D6: Riachao do Jacuipe / Alto do Cemiterio | E6: Abstract: Oct-Dec 2015; methods: Nov-Dec 2015; table caption: 2015-2016 | F6: Residents of selected epidemic hotspots | G6: IgM or IgG | H6: 446 | I6: 204 | J6: =IF(OR(H6="",I6="",H6=0),"",I6/H6) -> 0.4573991 | K6: 0.457 | N6: LOCAL_CONTEXT | O6: DIRECT n/N | P6: DIAS_2015_U02 | Q6: Dias 2018 | R6: https://wwwnc.cdc.gov/eid/article/24/4/17-1370_article
A7: U03 | B7: P02 | C7: BA | D7: Chapada rural district, Riachao do Jacuipe | E7: April 2016 | F7: Rural residents | G7: IgM or IgG | H7: 120 | I7: 24 | J7: =IF(OR(H7="",I7="",H7=0),"",I7/H7) -> 0.2 | K7: 0.2 | L7: 0.154 | M7: 0.357 | N7: LOCAL_POPULATION_PRIORITY | O7: DIRECT n/N | P7: CUNHA_CHAPADA | Q7: Cunha 2017 | R7: https://journals.plos.org/plosntds/article?id=10.1371/journal.pntd.0005319
A8: U04 | B8: P03 | C8: BA | D8: Pau da Lima, Salvador | E8: November 2016-February 2017 | F8: Residents in three contiguous valleys | G8: IgG | H8: 1772 | I8: 209 | J8: =IF(OR(H8="",I8="",H8=0),"",I8/H8) -> 0.11794582 | K8: 0.118 | L8: 0.098 | M8: 0.137 | N8: LOCAL_CONTEXT | O8: DIRECT n/N | P8: ANJOS_PAU_DA_LIMA | Q8: Anjos 2020 | R8: https://wwwnc.cdc.gov/eid/article/26/7/19-0846_article
A9: U05 | B9: P04 | C9: CE | D9: Juazeiro do Norte | E9: June-December 2018 | F9: Urban household residents | G9: IgM or IgG | H9: 404 | I9: 103 | J9: =IF(OR(H9="",I9="",H9=0),"",I9/H9) -> 0.2549505 | K9: 0.255 | N9: LOCAL_POPULATION_PRIORITY | O9: DIRECT n/N | P9: BARRETO_JUAZEIRO | Q9: Barreto 2020 | R9: https://link.springer.com/article/10.1186/s12879-020-05611-5
A10: U06 | B10: P05 | C10: CE | D10: Quixada | E10: 2019 (title); exact months not recovered | F10: Endemic-area residents | G10: Anti-CHIKV exposure; marker combination not verified | H10: 409 | J10: =IF(OR(H10="",I10="",H10=0),"",I10/H10) | K10: 0.707 | N10: LOCAL_CONTEXT | O10: Numerator NOT retrieved; do not reconstruct from rounded % | P10: BRAGA_QUIXADA | Q10: Braga 2021 | R10: https://onlinelibrary.wiley.com/doi/abs/10.1111/zph.12888
A11: U07 | B11: P06 | C11: PE | D11: Fulni-o, Aguas Belas / Itaiba | E11: Aug 2016 and Jun 2017; pooled | F11: PAI cardiovascular cohort adults | G11: IgG | H11: 272 | I11: 213 | J11: =IF(OR(H11="",I11="",H11=0),"",I11/H11) -> 0.78308824 | K11: 0.783 | L11: 0.729 | M11: 0.831 | N11: LOCAL_CONTEXT | O11: DIRECT n/N | P11: NICACIO_U07 | Q11: Nicacio 2021 | R11: https://journals.plos.org/plosntds/article?id=10.1371/journal.pntd.0009468
A12: U08 | B12: P06 | C12: PE | D12: Truka, Cabrobo | E12: June 2017 | F12: PAI cardiovascular cohort adults | G12: IgG | H12: 109 | I12: 0 | J12: =IF(OR(H12="",I12="",H12=0),"",I12/H12) -> 0 | K12: 0 | N12: LOCAL_CONTEXT | O12: DIRECT n/N | P12: NICACIO_U08 | Q12: Nicacio 2021 | R12: https://journals.plos.org/plosntds/article?id=10.1371/journal.pntd.0009468
A13: U09 | B13: P06 | C13: BA | D13: Juazeiro urban non-Indigenous comparison | E13: June 2017 | F13: PAI cardiovascular cohort adults | G13: IgG | H13: 52 | I13: 3 | J13: =IF(OR(H13="",I13="",H13=0),"",I13/H13) -> 0.057692308 | K13: 0.058 | L13: 0.0121 | M13: 0.16 | N13: LOCAL_CONTEXT | O13: DIRECT n/N | P13: NICACIO_U09 | Q13: Nicacio 2021 | R13: https://journals.plos.org/plosntds/article?id=10.1371/journal.pntd.0009468
A14: U10 | B14: P07 | C14: RJ | D14: Rio de Janeiro city | E14: July-October 2018 | F14: City residents | G14: IgM or IgG | H14: 2120 | I14: 371 | J14: =IF(OR(H14="",I14="",H14=0),"",I14/H14) -> 0.175 | K14: 0.18 | L14: 0.148 | M14: 0.212 | N14: LOCAL_POPULATION_PRIORITY | O14: DIRECT n/N | P14: PERISSE_RIO | Q14: Perisse 2020 | R14: https://journals.plos.org/plosone/article?id=10.1371/journal.pone.0243239
A15: U11 | B15: P08 | C15: AC | D15: Cruzeiro do Sul | E15: July 2015-June 2016 | F15: Pregnant women | G15: IgG | H15: 435 | I15: 41 | J15: =IF(OR(H15="",I15="",H15=0),"",I15/H15) -> 0.094252874 | K15: 0.094 | N15: RESTRICTED_POPULATION | O15: DIRECT n/N | P15: KANUNFRE_U11 | Q15: Kanunfre 2022 | R15: https://pmc.ncbi.nlm.nih.gov/articles/PMC8993149/
A16: U12 | B16: P08 | C16: AC | D16: Cruzeiro do Sul | E16: July 2015-June 2016 | F16: Unrelated newborns | G16: IgG | H16: 642 | I16: 66 | J16: =IF(OR(H16="",I16="",H16=0),"",I16/H16) -> 0.10280374 | K16: 0.103 | N16: EXCLUDE_INFANT_INFECTION | O16: DIRECT n/N | P16: KANUNFRE_U12 | Q16: Kanunfre 2022 | R16: https://pmc.ncbi.nlm.nih.gov/articles/PMC8993149/
A17: U13 | B17: P09 | C17: BA | D17: Feira de Santana, 30 sentinel areas | E17: Apr-Sep 2017 in tables; 2016/2017 in abstract | F17: Urban residents across living-condition strata | G17: IgM or IgG | H17: 1981 | J17: =IF(OR(H17="",I17="",H17=0),"",I17/H17) | K17: 0.221 | L17: 0.167 | M17: 0.286 | N17: LOCAL_POPULATION_PRIORITY | O17: Numerator NOT retrieved; do not reconstruct from rounded % | P17: TEIXEIRA_FEIRA | Q17: Teixeira 2021 | R17: https://journals.plos.org/plosntds/article?id=10.1371/journal.pntd.0009289
A18: U14 | B18: P10 | C18: PE | D18: Recife | E18: August 2018-February 2019 | F18: Household residents | G18: IgM or IgG | H18: 2070 | I18: 770 | J18: =IF(OR(H18="",I18="",H18=0),"",I18/H18) -> 0.37198068 | K18: 0.372 | L18: 0.34 | M18: 0.404 | N18: LOCAL_POPULATION_PRIORITY | O18: DIRECT n/N | P18: BRAGA_RECIFE | Q18: Braga 2023 | R18: https://journals.plos.org/plosntds/article?id=10.1371/journal.pntd.0011270
A19: U15 | B19: P11 | C19: DF | D19: Sao Sebastiao administrative region, Federal District | E19: Feb-Mar 2020 and Oct 2020-Jan 2021; pooled | F19: Residents sampled from households | G19: IgM or IgG | H19: 1405 | J19: =IF(OR(H19="",I19="",H19=0),"",I19/H19) | K19: 0.054 | L19: 0.044 | M19: 0.067 | N19: LOCAL_POPULATION_PRIORITY | O19: Numerator NOT retrieved; do not reconstruct from rounded % | P19: NOBRE_DF | Q19: Nobre 2025 | R19: https://link.springer.com/article/10.1186/s12879-025-10516-2
A20: U16 | B20: P12 | C20: AP | D20: Macapa / HEMOAP | E20: 2015 | F20: Volunteer blood donors | G20: IgG | H20: 442 | I20: 1 | J20: =IF(OR(H20="",I20="",H20=0),"",I20/H20) -> 0.0022624434 | K20: 0.002 | N20: RESTRICTED_POPULATION | O20: DIRECT n/N | P20: SLAVOV_U16 | Q20: Slavov 2018 | R20: https://pubmed.ncbi.nlm.nih.gov/30370414/
A21: U17 | B21: P12 | C21: SP | D21: Ribeirao Preto blood centre | E21: 2016 | F21: Volunteer blood donors | G21: IgG | H21: 455 | I21: 0 | J21: =IF(OR(H21="",I21="",H21=0),"",I21/H21) -> 0 | K21: 0 | N21: RESTRICTED_POPULATION | O21: DIRECT n/N | P21: SLAVOV_U17 | Q21: Slavov 2018 | R21: https://pubmed.ncbi.nlm.nih.gov/30370414/
A22: U18 | B22: P13 | C22: DF | D22: Federal District blood donors | E22: Early 2019 outbreak | F22: Volunteer blood donors | G22: IgG | H22: 450 | I22: 4 | J22: =IF(OR(H22="",I22="",H22=0),"",I22/H22) -> 0.0088888889 | K22: 0.0089 | N22: RESTRICTED_POPULATION | O22: DIRECT n/N | P22: MENDES_DF | Q22: Silva Mendes 2022 | R22: https://onlinelibrary.wiley.com/doi/10.1111/tme.12870
A23: U19 | B23: P14 | C23: BA | D23: Alto do Cabrito, Salvador | E23: March-October 2018 | F23: Residents in four informal settlements | G23: IgG | H23: 376 | I23: 23 | J23: =IF(OR(H23="",I23="",H23=0),"",I23/H23) -> 0.061170213 | K23: 0.061 | N23: LOCAL_CONTEXT | O23: DIRECT n/N | P23: TRAVIS_SALVADOR | Q23: Travis 2025 | R23: https://pmc.ncbi.nlm.nih.gov/articles/PMC12440227/
A24: U20 | B24: P14 | C24: BA | D24: Marechal Rondon, Salvador | E24: March-October 2018 | F24: Residents in four informal settlements | G24: IgG | H24: 337 | I24: 16 | J24: =IF(OR(H24="",I24="",H24=0),"",I24/H24) -> 0.047477745 | K24: 0.048 | N24: LOCAL_CONTEXT | O24: DIRECT n/N | P24: TRAVIS_SALVADOR | Q24: Travis 2025 | R24: https://pmc.ncbi.nlm.nih.gov/articles/PMC12440227/
A25: U21 | B25: P14 | C25: BA | D25: Nova Constituinte, Salvador | E25: March-October 2018 | F25: Residents in four informal settlements | G25: IgG | H25: 305 | I25: 69 | J25: =IF(OR(H25="",I25="",H25=0),"",I25/H25) -> 0.22622951 | K25: 0.226 | N25: LOCAL_CONTEXT | O25: DIRECT n/N | P25: TRAVIS_SALVADOR | Q25: Travis 2025 | R25: https://pmc.ncbi.nlm.nih.gov/articles/PMC12440227/
A26: U22 | B26: P14 | C26: BA | D26: Rio Sena, Salvador | E26: March-October 2018 | F26: Residents in four informal settlements | G26: IgG | H26: 298 | I26: 13 | J26: =IF(OR(H26="",I26="",H26=0),"",I26/H26) -> 0.043624161 | K26: 0.043 | N26: LOCAL_CONTEXT | O26: DIRECT n/N | P26: TRAVIS_SALVADOR | Q26: Travis 2025 | R26: https://pmc.ncbi.nlm.nih.gov/articles/PMC12440227/
A27: U23 | B27: P14 | C27: BA | D27: Four Salvador communities pooled | E27: March-October 2018 | F27: Residents in four informal settlements | G27: IgG | H27: 1316 | I27: 121 | J27: =IF(OR(H27="",I27="",H27=0),"",I27/H27) -> 0.091945289 | K27: 0.092 | N27: POOLED_DUPLICATE | O27: DIRECT n/N | P27: TRAVIS_SALVADOR | Q27: Travis 2025 | R27: https://pmc.ncbi.nlm.nih.gov/articles/PMC12440227/
A28: U24 | B28: P15 | C28: BA | D28: Simoes Filho | E28: Baseline enrolment 2018-2020; median follow-up 41 months | F28: Children in dengue-vaccine trial cohort | G28: Baseline IgG | H28: 348 | I28: 23 | J28: =IF(OR(H28="",I28="",H28=0),"",I28/H28) -> 0.066091954 | K28: 0.07 | N28: RESTRICTED_POPULATION | O28: DIRECT n/N | P28: PEREIRA_PEDIATRIC | Q28: Pereira 2025 | R28: https://pmc.ncbi.nlm.nih.gov/articles/PMC12286324/
A29: U25 | B29: P16 | C29: CE | D29: Fortaleza endemic areas | E29: Baseline; cohort Feb 2018-Aug 2019; visit-specific range unverified | F29: Women, paired samples | G29: IgM or IgG (combined markers) | H29: 559 | I29: 190 | J29: =IF(OR(H29="",I29="",H29=0),"",I29/H29) -> 0.33989267 | K29: 0.34 | L29: 0.302 | M29: 0.38 | N29: RESTRICTED_POPULATION | O29: DIRECT n/N | P29: NOGUEIRA_FORTALEZA_PAIRED | Q29: Nogueira 2026 | R29: https://pubmed.ncbi.nlm.nih.gov/42525035/
A30: U26 | B30: P16 | C30: CE | D30: Fortaleza endemic areas | E30: First follow-up; cohort Feb 2018-Aug 2019; visit-specific range unverified | F30: Women, paired samples | G30: IgM or IgG (combined markers) | H30: 559 | I30: 175 | J30: =IF(OR(H30="",I30="",H30=0),"",I30/H30) -> 0.31305903 | K30: 0.313 | L30: 0.276 | M30: 0.353 | N30: RESTRICTED_POPULATION | O30: DIRECT n/N | P30: NOGUEIRA_FORTALEZA_PAIRED | Q30: Nogueira 2026 | R30: https://pubmed.ncbi.nlm.nih.gov/42525035/
A31: U27 | B31: P17 | C31: MG | D31: Diamantina | E31: 2018-2019 | F31: Asymptomatic pregnant women | G31: IgM only | H31: 135 | I31: 1 | J31: =IF(OR(H31="",I31="",H31=0),"",I31/H31) -> 0.0074074074 | K31: 0.007 | N31: RECENT_INFECTION_ONLY | O31: DIRECT n/N | P31: SANTOS_DIAMANTINA | Q31: Santos 2023 | R31: https://pubmed.ncbi.nlm.nih.gov/37454038/
A32: U28 | B32: P18 | C32: BA | D32: Salvador / IPERBA maternity hospital | E32: Collection dates not retrieved; publication 2023 is NOT sample date | F32: Immediate postpartum women | G32: IgG | H32: 302 | J32: =IF(OR(H32="",I32="",H32=0),"",I32/H32) | K32: 0.076 | N32: HOLD_MISSING_DATE | O32: Numerator NOT retrieved; do not reconstruct from rounded % | P32: BASTOS_IPERBA | Q32: Bastos Filho 2023 | R32: https://www.sciencedirect.com/science/article/pii/S2772707623000954
A33: U29 | B33: P19 | C33: SP | D33: Jundiai Zika Cohort / Jundiai | E33: March 2016-April 2021 | F33: High-risk pregnant women | G33: IgG reactive | H33: 526 | I33: 7 | J33: =IF(OR(H33="",I33="",H33=0),"",I33/H33) -> 0.013307985 | K33: 0.0133 | N33: RESTRICTED_POPULATION | O33: DIRECT n/N | P33: FAJARDO_JUNDIAI | Q33: Fajardo 2025 | R33: https://pubmed.ncbi.nlm.nih.gov/40638511/
A34: U30 | B34: P20 | C34: SP | D34: Vila Toninho, Sao Jose do Rio Preto | E34: Baseline: 2015-10 to 2016-03 | F34: Resident cohort complete-follow-up subset | G34: IgG | H34: 341 | I34: 1 | J34: =IF(OR(H34="",I34="",H34=0),"",I34/H34) -> 0.0029325513 | K34: 0.002 | L34: 0 | M34: 0.016 | N34: LOCAL_LONGITUDINAL | O34: DIRECT n/N | P34: ZINI_VILA_TONINHO_PAIRED | Q34: Zini 2024 | R34: https://journals.plos.org/plosntds/article?id=10.1371/journal.pntd.0012013
A35: U31 | B35: P20 | C35: SP | D35: Vila Toninho, Sao Jose do Rio Preto | E35: A01: 2016-10 to 2017-03 | F35: Resident cohort complete-follow-up subset | G35: IgG | H35: 341 | I35: 3 | J35: =IF(OR(H35="",I35="",H35=0),"",I35/H35) -> 0.008797654 | K35: 0.008 | L35: 0.003 | M35: 0.026 | N35: LOCAL_LONGITUDINAL | O35: DIRECT n/N | P35: ZINI_VILA_TONINHO_PAIRED | Q35: Zini 2024 | R35: https://journals.plos.org/plosntds/article?id=10.1371/journal.pntd.0012013
A36: U32 | B36: P20 | C36: SP | D36: Vila Toninho, Sao Jose do Rio Preto | E36: A02: 2017-10 to 2018-03 | F36: Resident cohort complete-follow-up subset | G36: IgG | H36: 341 | I36: 4 | J36: =IF(OR(H36="",I36="",H36=0),"",I36/H36) -> 0.011730205 | K36: 0.0117 | L36: 0.004 | M36: 0.03 | N36: LOCAL_LONGITUDINAL | O36: DIRECT n/N | P36: ZINI_VILA_TONINHO_PAIRED | Q36: Zini 2024 | R36: https://journals.plos.org/plosntds/article?id=10.1371/journal.pntd.0012013
A37: U33 | B37: P20 | C37: SP | D37: Vila Toninho, Sao Jose do Rio Preto | E37: A03: 2018-10 to 2019-03 | F37: Resident cohort complete-follow-up subset | G37: IgG | H37: 341 | I37: 8 | J37: =IF(OR(H37="",I37="",H37=0),"",I37/H37) -> 0.023460411 | K37: 0.0234 | L37: 0.011 | M37: 0.046 | N37: LOCAL_LONGITUDINAL | O37: DIRECT n/N | P37: ZINI_VILA_TONINHO_PAIRED | Q37: Zini 2024 | R37: https://journals.plos.org/plosntds/article?id=10.1371/journal.pntd.0012013
A38: U34 | B38: P20 | C38: SP | D38: Sao Jose do Rio Preto, dengue-suspected clinical panel | E38: 2019 | F38: Dengue-suspected patients | G38: IgM | H38: 497 | I38: 22 | J38: =IF(OR(H38="",I38="",H38=0),"",I38/H38) -> 0.044265594 | K38: 0.0442 | N38: EXCLUDE_CLINICAL_POSITIVITY | O38: DIRECT n/N | P38: ZINI_CLINICAL_2019 | Q38: Zini 2024 | R38: https://journals.plos.org/plosntds/article?id=10.1371/journal.pntd.0012013
A39: U35 | B39: P21 | C39: RJ | D39: HEMORIO blood centre, Rio de Janeiro | E39: 2019-2022 pooled | F39: Blood donations | G39: CHIKV prevalence; exact marker not recovered | H39: 778 | J39: =IF(OR(H39="",I39="",H39=0),"",I39/H39) | K39: 0.213 | N39: HOLD_ENDPOINT_DEFINITION | O39: Numerator NOT retrieved; do not reconstruct from rounded % | P39: SANTANNA_HEMORIO | Q39: Sant'Anna 2024 | R39: https://pubmed.ncbi.nlm.nih.gov/38970294/
A40: U36 | B40: P22 | C40: BA | D40: Saude | E40: 2021-2022 | F40: Town residents / field serum sample | G40: CHIKV IgG MIA | H40: 300 | I40: 17 | J40: =IF(OR(H40="",I40="",H40=0),"",I40/H40) -> 0.056666667 | K40: 0.057 | N40: LOCAL_CONTEXT | O40: DIRECT n/N | P40: WANG_SAUDE | Q40: Wang 2026 | R40: https://pmc.ncbi.nlm.nih.gov/articles/PMC13251372/

Sheet Raw_observations
A1: Raw observations
A2: Primary-source aggregate values only. Blank numerator means not retrieved. IgG/IgM alternatives and validation subsets overlap; never pool all rows.
A4: observation_id | B4: survey_id | C4: source_id | D4: uf | E4: place | F4: collection_dates | G4: endpoint | H4: n_tested | I4: n_positive | J4: raw_proportion | K4: reported_proportion | L4: reported_ci_low | M4: reported_ci_high | N4: reported_estimate_type | O4: assay | P4: preferred_endpoint_within_sample | Q4: raw_count_status | R4: verification_level | S4: source_locator | T4: source_url | U4: endpoint_overlap_note
A5: O001 | B5: U01 | C5: P01 | D5: BA | E5: Feira de Santana / George Americo | F5: Abstract: Oct-Dec 2015; methods: Nov-Dec 2015; table caption: 2015-2016 | G5: IgM or IgG | H5: 385 | I5: 220 | J5: =IF(OR(H5="",I5="",H5=0),"",I5/H5) -> 0.57142857 | K5: 0.571 | N5: Unweighted reported percentage | O5: Euroimmun ELISA IgM/IgG | P5: TRUE | Q5: DIRECT n/N | R5: PRIMARY_FULL_TEXT | S5: The Study; Table 1 | T5: https://wwwnc.cdc.gov/eid/article/24/4/17-1370_article
A6: O002 | B6: U01 | C6: P01 | D6: BA | E6: Feira de Santana / George Americo | F6: Abstract: Oct-Dec 2015; methods: Nov-Dec 2015; table caption: 2015-2016 | G6: IgG only | H6: 385 | I6: 163 | J6: =IF(OR(H6="",I6="",H6=0),"",I6/H6) -> 0.42337662 | N6: Unweighted reported percentage | O6: Euroimmun ELISA | P6: FALSE | Q6: DIRECT n/N | R6: PRIMARY_FULL_TEXT | S6: The Study | T6: https://wwwnc.cdc.gov/eid/article/24/4/17-1370_article | U6: Disjoint assay categories; total IgM-or-IgG endpoint already included.
A7: O003 | B7: U01 | C7: P01 | D7: BA | E7: Feira de Santana / George Americo | F7: Abstract: Oct-Dec 2015; methods: Nov-Dec 2015; table caption: 2015-2016 | G7: IgM only | H7: 385 | I7: 25 | J7: =IF(OR(H7="",I7="",H7=0),"",I7/H7) -> 0.064935065 | N7: Unweighted reported percentage | O7: Euroimmun ELISA | P7: FALSE | Q7: DIRECT n/N | R7: PRIMARY_FULL_TEXT | S7: The Study | T7: https://wwwnc.cdc.gov/eid/article/24/4/17-1370_article | U7: Disjoint assay categories; total IgM-or-IgG endpoint already included.
A8: O004 | B8: U01 | C8: P01 | D8: BA | E8: Feira de Santana / George Americo | F8: Abstract: Oct-Dec 2015; methods: Nov-Dec 2015; table caption: 2015-2016 | G8: IgG and IgM | H8: 385 | I8: 32 | J8: =IF(OR(H8="",I8="",H8=0),"",I8/H8) -> 0.083116883 | N8: Unweighted reported percentage | O8: Euroimmun ELISA | P8: FALSE | Q8: DIRECT n/N | R8: PRIMARY_FULL_TEXT | S8: The Study | T8: https://wwwnc.cdc.gov/eid/article/24/4/17-1370_article | U8: Disjoint assay categories; total IgM-or-IgG endpoint already included.
A9: O005 | B9: U02 | C9: P01 | D9: BA | E9: Riachao do Jacuipe / Alto do Cemiterio | F9: Abstract: Oct-Dec 2015; methods: Nov-Dec 2015; table caption: 2015-2016 | G9: IgM or IgG | H9: 446 | I9: 204 | J9: =IF(OR(H9="",I9="",H9=0),"",I9/H9) -> 0.4573991 | K9: 0.457 | N9: Unweighted reported percentage | O9: Euroimmun ELISA IgM/IgG | P9: TRUE | Q9: DIRECT n/N | R9: PRIMARY_FULL_TEXT | S9: The Study; Table 1 | T9: https://wwwnc.cdc.gov/eid/article/24/4/17-1370_article
A10: O006 | B10: U02 | C10: P01 | D10: BA | E10: Riachao do Jacuipe / Alto do Cemiterio | F10: Abstract: Oct-Dec 2015; methods: Nov-Dec 2015; table caption: 2015-2016 | G10: IgG only | H10: 446 | I10: 138 | J10: =IF(OR(H10="",I10="",H10=0),"",I10/H10) -> 0.30941704 | N10: Unweighted reported percentage | O10: Euroimmun ELISA | P10: FALSE | Q10: DIRECT n/N | R10: PRIMARY_FULL_TEXT | S10: The Study | T10: https://wwwnc.cdc.gov/eid/article/24/4/17-1370_article | U10: Disjoint assay categories; total IgM-or-IgG endpoint already included.
A11: O007 | B11: U02 | C11: P01 | D11: BA | E11: Riachao do Jacuipe / Alto do Cemiterio | F11: Abstract: Oct-Dec 2015; methods: Nov-Dec 2015; table caption: 2015-2016 | G11: IgM only | H11: 446 | I11: 38 | J11: =IF(OR(H11="",I11="",H11=0),"",I11/H11) -> 0.085201794 | N11: Unweighted reported percentage | O11: Euroimmun ELISA | P11: FALSE | Q11: DIRECT n/N | R11: PRIMARY_FULL_TEXT | S11: The Study | T11: https://wwwnc.cdc.gov/eid/article/24/4/17-1370_article | U11: Disjoint assay categories; total IgM-or-IgG endpoint already included.
A12: O008 | B12: U02 | C12: P01 | D12: BA | E12: Riachao do Jacuipe / Alto do Cemiterio | F12: Abstract: Oct-Dec 2015; methods: Nov-Dec 2015; table caption: 2015-2016 | G12: IgG and IgM | H12: 446 | I12: 28 | J12: =IF(OR(H12="",I12="",H12=0),"",I12/H12) -> 0.062780269 | N12: Unweighted reported percentage | O12: Euroimmun ELISA | P12: FALSE | Q12: DIRECT n/N | R12: PRIMARY_FULL_TEXT | S12: The Study | T12: https://wwwnc.cdc.gov/eid/article/24/4/17-1370_article | U12: Disjoint assay categories; total IgM-or-IgG endpoint already included.
A13: O009 | B13: U03 | C13: P02 | D13: BA | E13: Chapada rural district, Riachao do Jacuipe | F13: April 2016 | G13: IgM or IgG | H13: 120 | I13: 24 | J13: =IF(OR(H13="",I13="",H13=0),"",I13/H13) -> 0.2 | K13: 0.2 | L13: 0.154 | M13: 0.357 | N13: Unweighted reported percentage | O13: Euroimmun ELISA IgM/IgG | P13: TRUE | Q13: DIRECT n/N | R13: PRIMARY_FULL_TEXT | S13: Results | T13: https://journals.plos.org/plosntds/article?id=10.1371/journal.pntd.0005319 | U13: Reported CI retained verbatim numerically; unusually asymmetric for 24/120, verify with authors.
A14: O010 | B14: U03 | C14: P02 | D14: BA | E14: Chapada rural district, Riachao do Jacuipe | F14: April 2016 | G14: IgG positive (including dual positive) | H14: 120 | I14: 22 | J14: =IF(OR(H14="",I14="",H14=0),"",I14/H14) -> 0.18333333 | K14: 0.183 | N14: Unweighted reported percentage | O14: Euroimmun ELISA IgG | P14: FALSE | Q14: DIRECT n/N | R14: PRIMARY_FULL_TEXT | S14: Abstract / Results | T14: https://journals.plos.org/plosntds/article?id=10.1371/journal.pntd.0005319 | U14: Same sera; overlaps IgM-or-IgG endpoint.
A15: O011 | B15: U03 | C15: P02 | D15: BA | E15: Chapada rural district, Riachao do Jacuipe | F15: April 2016 | G15: IgM positive (including dual positive) | H15: 120 | I15: 6 | J15: =IF(OR(H15="",I15="",H15=0),"",I15/H15) -> 0.05 | K15: 0.05 | N15: Unweighted reported percentage | O15: Euroimmun ELISA IgM | P15: FALSE | Q15: DIRECT n/N | R15: PRIMARY_FULL_TEXT | S15: Abstract / Results | T15: https://journals.plos.org/plosntds/article?id=10.1371/journal.pntd.0005319 | U15: Same sera; four dual-positive specimens.
A16: O012 | B16: U03 | C16: P02 | D16: BA | E16: Chapada rural district, Riachao do Jacuipe | F16: April 2016 | G16: IgG and IgM | H16: 120 | I16: 4 | J16: =IF(OR(H16="",I16="",H16=0),"",I16/H16) -> 0.033333333 | N16: Unweighted reported percentage | O16: Euroimmun ELISA | P16: FALSE | Q16: DIRECT n/N | R16: PRIMARY_FULL_TEXT | S16: Abstract / Results | T16: https://journals.plos.org/plosntds/article?id=10.1371/journal.pntd.0005319 | U16: Subset of both IgG and IgM endpoints.
A17: O013 | B17: U04 | C17: P03 | D17: BA | E17: Pau da Lima, Salvador | F17: November 2016-February 2017 | G17: IgG | H17: 1772 | I17: 209 | J17: =IF(OR(H17="",I17="",H17=0),"",I17/H17) -> 0.11794582 | K17: 0.118 | L17: 0.098 | M17: 0.137 | N17: Household-adjusted confidence interval; reported prevalence | O17: Euroimmun IgG ELISA | P17: TRUE | Q17: DIRECT n/N | R17: PRIMARY_FULL_TEXT | S17: The Study / Results | T17: https://wwwnc.cdc.gov/eid/article/26/7/19-0846_article
A18: O014 | B18: U04 | C18: P03 | D18: BA | E18: Pau da Lima, Salvador | F18: November 2016-February 2017 | G18: IgM among IgG-positive participants only | H18: 209 | I18: 49 | J18: =IF(OR(H18="",I18="",H18=0),"",I18/H18) -> 0.23444976 | N18: Unweighted reported percentage | O18: InBios IgM ELISA | P18: FALSE | Q18: DIRECT n/N | R18: PRIMARY_FULL_TEXT | S18: Abstract / Results | T18: https://wwwnc.cdc.gov/eid/article/26/7/19-0846_article | U18: Conditional subset; NOT 49/1772 and not an independent serosurvey.
A19: O015 | B19: U05 | C19: P04 | D19: CE | E19: Juazeiro do Norte | F19: June-December 2018 | G19: IgM or IgG | H19: 404 | I19: 103 | J19: =IF(OR(H19="",I19="",H19=0),"",I19/H19) -> 0.2549505 | K19: 0.255 | N19: Unweighted reported percentage | O19: Euroimmun ELISA IgM/IgG | P19: TRUE | Q19: DIRECT n/N | R19: PRIMARY_FULL_TEXT | S19: Results / Abstract | T19: https://link.springer.com/article/10.1186/s12879-020-05611-5 | U19: Results 25.5%; abstract rounds to 25.0%. Raw 103/404 retained.
A20: O016 | B20: U06 | C20: P05 | D20: CE | E20: Quixada | F20: 2019 (title); exact months not recovered | G20: Anti-CHIKV exposure; marker combination not verified | H20: 409 | J20: =IF(OR(H20="",I20="",H20=0),"",I20/H20) | K20: 0.707 | N20: Unweighted reported percentage | O20: ELISA; isotype details not retrieved | P20: TRUE | Q20: Numerator NOT retrieved; do not reconstruct from rounded % | R20: PRIMARY_ABSTRACT | S20: Abstract | T20: https://onlinelibrary.wiley.com/doi/abs/10.1111/zph.12888 | U20: Do NOT convert 70.7% to 289 positives without source confirmation.
A21: O017 | B21: U07 | C21: P06 | D21: PE | E21: Fulni-o, Aguas Belas / Itaiba | F21: Aug 2016 and Jun 2017; pooled | G21: IgG | H21: 272 | I21: 213 | J21: =IF(OR(H21="",I21="",H21=0),"",I21/H21) -> 0.78308824 | K21: 0.783 | L21: 0.729 | M21: 0.831 | N21: Unweighted reported percentage | O21: Euroimmun IgG ELISA | P21: TRUE | Q21: DIRECT n/N | R21: PRIMARY_FULL_TEXT | S21: Results / Table 1 | T21: https://journals.plos.org/plosntds/article?id=10.1371/journal.pntd.0009468
A22: O018 | B22: U08 | C22: P06 | D22: PE | E22: Truka, Cabrobo | F22: June 2017 | G22: IgG | H22: 109 | I22: 0 | J22: =IF(OR(H22="",I22="",H22=0),"",I22/H22) -> 0 | K22: 0 | N22: Unweighted reported percentage | O22: Euroimmun IgG ELISA | P22: TRUE | Q22: DIRECT n/N | R22: PRIMARY_FULL_TEXT | S22: Results / Table 1 | T22: https://journals.plos.org/plosntds/article?id=10.1371/journal.pntd.0009468
A23: O019 | B23: U09 | C23: P06 | D23: BA | E23: Juazeiro urban non-Indigenous comparison | F23: June 2017 | G23: IgG | H23: 52 | I23: 3 | J23: =IF(OR(H23="",I23="",H23=0),"",I23/H23) -> 0.057692308 | K23: 0.058 | L23: 0.0121 | M23: 0.16 | N23: Unweighted reported percentage | O23: Euroimmun IgG ELISA | P23: TRUE | Q23: DIRECT n/N | R23: PRIMARY_FULL_TEXT | S23: Results / Table 1 | T23: https://journals.plos.org/plosntds/article?id=10.1371/journal.pntd.0009468
A24: O020 | B24: U10 | C24: P07 | D24: RJ | E24: Rio de Janeiro city | F24: July-October 2018 | G24: IgM or IgG | H24: 2120 | I24: 371 | J24: =IF(OR(H24="",I24="",H24=0),"",I24/H24) -> 0.175 | K24: 0.18 | L24: 0.148 | M24: 0.212 | N24: Survey-weighted prevalence and confidence interval | O24: Rapid IgM/IgG test; BahiaFarma | P24: TRUE | Q24: DIRECT n/N | R24: PRIMARY_FULL_TEXT | S24: Results / Discussion | T24: https://journals.plos.org/plosone/article?id=10.1371/journal.pone.0243239 | U24: Raw 371/2120 differs from weighted 18.0%; retain both.
A25: O021 | B25: U11 | C25: P08 | D25: AC | E25: Cruzeiro do Sul | F25: July 2015-June 2016 | G25: IgG | H25: 435 | I25: 41 | J25: =IF(OR(H25="",I25="",H25=0),"",I25/H25) -> 0.094252874 | K25: 0.094 | N25: Unweighted reported percentage | O25: Commercial ELISA; manufacturer not retrieved | P25: TRUE | Q25: DIRECT n/N | R25: PRIMARY_INDEXED_FULL_TEXT | S25: Abstract / Results | T25: https://pmc.ncbi.nlm.nih.gov/articles/PMC8993149/
A26: O022 | B26: U11 | C26: P08 | D26: AC | E26: Cruzeiro do Sul | F26: July 2015-June 2016 | G26: IgM | H26: 435 | I26: 0 | J26: =IF(OR(H26="",I26="",H26=0),"",I26/H26) -> 0 | K26: 0 | N26: Unweighted reported percentage | O26: Commercial ELISA | P26: FALSE | Q26: DIRECT n/N | R26: PRIMARY_INDEXED_FULL_TEXT | S26: Abstract / Results | T26: https://pmc.ncbi.nlm.nih.gov/articles/PMC8993149/ | U26: No IgM-positive samples; same participants.
A27: O023 | B27: U12 | C27: P08 | D27: AC | E27: Cruzeiro do Sul | F27: July 2015-June 2016 | G27: IgG | H27: 642 | I27: 66 | J27: =IF(OR(H27="",I27="",H27=0),"",I27/H27) -> 0.10280374 | K27: 0.103 | N27: Unweighted reported percentage | O27: Commercial ELISA; manufacturer not retrieved | P27: TRUE | Q27: DIRECT n/N | R27: PRIMARY_INDEXED_FULL_TEXT | S27: Abstract / Results | T27: https://pmc.ncbi.nlm.nih.gov/articles/PMC8993149/
A28: O024 | B28: U12 | C28: P08 | D28: AC | E28: Cruzeiro do Sul | F28: July 2015-June 2016 | G28: IgM | H28: 642 | I28: 0 | J28: =IF(OR(H28="",I28="",H28=0),"",I28/H28) -> 0 | K28: 0 | N28: Unweighted reported percentage | O28: Commercial ELISA | P28: FALSE | Q28: DIRECT n/N | R28: PRIMARY_INDEXED_FULL_TEXT | S28: Abstract / Results | T28: https://pmc.ncbi.nlm.nih.gov/articles/PMC8993149/ | U28: No IgM-positive samples; same participants.
A29: O025 | B29: U13 | C29: P09 | D29: BA | E29: Feira de Santana, 30 sentinel areas | F29: Apr-Sep 2017 in tables; 2016/2017 in abstract | G29: IgM or IgG | H29: 1981 | J29: =IF(OR(H29="",I29="",H29=0),"",I29/H29) | K29: 0.221 | L29: 0.167 | M29: 0.286 | N29: Population/sentinel-area estimate; no raw numerator recovered | O29: ELISA IgM/IgG; manufacturer not retrieved | P29: TRUE | Q29: Numerator NOT retrieved; do not reconstruct from rounded % | R29: PRIMARY_FULL_TEXT | S29: Results / Table 2 | T29: https://journals.plos.org/plosntds/article?id=10.1371/journal.pntd.0009289 | U29: Do not sum abstract component percentages; use reported overall estimate.
A30: O026 | B30: U14 | C30: P10 | D30: PE | E30: Recife | F30: August 2018-February 2019 | G30: IgM or IgG | H30: 2070 | I30: 770 | J30: =IF(OR(H30="",I30="",H30=0),"",I30/H30) -> 0.37198068 | K30: 0.372 | L30: 0.34 | M30: 0.404 | N30: Survey-weighted prevalence and confidence interval | O30: Euroimmun ELISA IgM/IgG | P30: TRUE | Q30: DIRECT n/N | R30: PRIMARY_FULL_TEXT | S30: Results | T30: https://journals.plos.org/plosntds/article?id=10.1371/journal.pntd.0011270
A31: O027 | B31: U14 | C31: P10 | D31: PE | E31: Recife | F31: August 2018-February 2019 | G31: IgG | H31: 2070 | J31: =IF(OR(H31="",I31="",H31=0),"",I31/H31) | K31: 0.357 | L31: 0.326 | M31: 0.389 | N31: Survey-weighted prevalence and confidence interval | O31: Euroimmun IgG ELISA | P31: FALSE | Q31: Numerator NOT retrieved; do not reconstruct from rounded % | R31: PRIMARY_FULL_TEXT | S31: Results | T31: https://journals.plos.org/plosntds/article?id=10.1371/journal.pntd.0011270 | U31: Same sera; no numerator reconstructed.
A32: O028 | B32: U14 | C32: P10 | D32: PE | E32: Recife | F32: August 2018-February 2019 | G32: IgM | H32: 2070 | J32: =IF(OR(H32="",I32="",H32=0),"",I32/H32) | K32: 0.035 | L32: 0.027 | M32: 0.042 | N32: Survey-weighted prevalence and confidence interval | O32: Euroimmun IgM ELISA | P32: FALSE | Q32: Numerator NOT retrieved; do not reconstruct from rounded % | R32: PRIMARY_FULL_TEXT | S32: Results | T32: https://journals.plos.org/plosntds/article?id=10.1371/journal.pntd.0011270 | U32: Same sera; not cumulative exposure alone.
A33: O029 | B33: U15 | C33: P11 | D33: DF | E33: Sao Sebastiao administrative region, Federal District | F33: Feb-Mar 2020 and Oct 2020-Jan 2021; pooled | G33: IgM or IgG | H33: 1405 | J33: =IF(OR(H33="",I33="",H33=0),"",I33/H33) | K33: 0.054 | L33: 0.044 | M33: 0.067 | N33: Reported overall seroprevalence | O33: IgM: Vircell / DiaPro; IgG: Euroimmun / Mobius (phase dependent) | P33: TRUE | Q33: Numerator NOT retrieved; do not reconstruct from rounded % | R33: PRIMARY_FULL_TEXT | S33: Abstract / Methods | T33: https://link.springer.com/article/10.1186/s12879-025-10516-2 | U33: Do not reconstruct 76 positives from rounded 5.4%.
A34: O030 | B34: U16 | C34: P12 | D34: AP | E34: Macapa / HEMOAP | F34: 2015 | G34: IgG | H34: 442 | I34: 1 | J34: =IF(OR(H34="",I34="",H34=0),"",I34/H34) -> 0.0022624434 | K34: 0.002 | N34: Unweighted reported percentage | O34: Anti-CHIKV IgG assay; platform/kit not retrieved | P34: TRUE | Q34: DIRECT n/N | R34: PRIMARY_ABSTRACT | S34: Abstract | T34: https://pubmed.ncbi.nlm.nih.gov/30370414/
A35: O031 | B35: U17 | C35: P12 | D35: SP | E35: Ribeirao Preto blood centre | F35: 2016 | G35: IgG | H35: 455 | I35: 0 | J35: =IF(OR(H35="",I35="",H35=0),"",I35/H35) -> 0 | K35: 0 | N35: Unweighted reported percentage | O35: Anti-CHIKV IgG assay; platform/kit not retrieved | P35: TRUE | Q35: DIRECT n/N | R35: PRIMARY_ABSTRACT | S35: Abstract | T35: https://pubmed.ncbi.nlm.nih.gov/30370414/
A36: O032 | B36: U18 | C36: P13 | D36: DF | E36: Federal District blood donors | F36: Early 2019 outbreak | G36: IgG | H36: 450 | I36: 4 | J36: =IF(OR(H36="",I36="",H36=0),"",I36/H36) -> 0.0088888889 | K36: 0.0089 | N36: Unweighted reported percentage | O36: ELISA; manufacturer not retrieved | P36: TRUE | Q36: DIRECT n/N | R36: PRIMARY_ABSTRACT | S36: Abstract | T36: https://onlinelibrary.wiley.com/doi/10.1111/tme.12870
A37: O033 | B37: U18 | C37: P13 | D37: DF | E37: Federal District blood donors | F37: Early 2019 outbreak | G37: IgM | H37: 450 | I37: 5 | J37: =IF(OR(H37="",I37="",H37=0),"",I37/H37) -> 0.011111111 | K37: 0.0111 | N37: Unweighted reported percentage | O37: ELISA; manufacturer not retrieved | P37: FALSE | Q37: DIRECT n/N | R37: PRIMARY_ABSTRACT | S37: Abstract | T37: https://onlinelibrary.wiley.com/doi/10.1111/tme.12870 | U37: IgG overlap not reported; do not add positive counts.
A38: O034 | B38: U19 | C38: P14 | D38: BA | E38: Alto do Cabrito, Salvador | F38: March-October 2018 | G38: IgG | H38: 376 | I38: 23 | J38: =IF(OR(H38="",I38="",H38=0),"",I38/H38) -> 0.061170213 | K38: 0.061 | N38: Unweighted reported percentage | O38: IgG ELISA; kit not retrieved | P38: TRUE | Q38: DIRECT n/N | R38: PRIMARY_INDEXED_FULL_TEXT | S38: Results / Table 1 | T38: https://pmc.ncbi.nlm.nih.gov/articles/PMC12440227/
A39: O035 | B39: U20 | C39: P14 | D39: BA | E39: Marechal Rondon, Salvador | F39: March-October 2018 | G39: IgG | H39: 337 | I39: 16 | J39: =IF(OR(H39="",I39="",H39=0),"",I39/H39) -> 0.047477745 | K39: 0.048 | N39: Unweighted reported percentage | O39: IgG ELISA; kit not retrieved | P39: TRUE | Q39: DIRECT n/N | R39: PRIMARY_INDEXED_FULL_TEXT | S39: Results / Table 1 | T39: https://pmc.ncbi.nlm.nih.gov/articles/PMC12440227/
A40: O036 | B40: U21 | C40: P14 | D40: BA | E40: Nova Constituinte, Salvador | F40: March-October 2018 | G40: IgG | H40: 305 | I40: 69 | J40: =IF(OR(H40="",I40="",H40=0),"",I40/H40) -> 0.22622951 | K40: 0.226 | N40: Unweighted reported percentage | O40: IgG ELISA; kit not retrieved | P40: TRUE | Q40: DIRECT n/N | R40: PRIMARY_INDEXED_FULL_TEXT | S40: Results / Table 1 | T40: https://pmc.ncbi.nlm.nih.gov/articles/PMC12440227/
A41: O037 | B41: U22 | C41: P14 | D41: BA | E41: Rio Sena, Salvador | F41: March-October 2018 | G41: IgG | H41: 298 | I41: 13 | J41: =IF(OR(H41="",I41="",H41=0),"",I41/H41) -> 0.043624161 | K41: 0.043 | N41: Unweighted reported percentage | O41: IgG ELISA; kit not retrieved | P41: TRUE | Q41: DIRECT n/N | R41: PRIMARY_INDEXED_FULL_TEXT | S41: Results / Table 1 | T41: https://pmc.ncbi.nlm.nih.gov/articles/PMC12440227/
A42: O038 | B42: U23 | C42: P14 | D42: BA | E42: Four Salvador communities pooled | F42: March-October 2018 | G42: IgG | H42: 1316 | I42: 121 | J42: =IF(OR(H42="",I42="",H42=0),"",I42/H42) -> 0.091945289 | K42: 0.092 | N42: Unweighted reported percentage | O42: IgG ELISA; kit not retrieved | P42: TRUE | Q42: DIRECT n/N | R42: PRIMARY_INDEXED_FULL_TEXT | S42: Results / Table 1 | T42: https://pmc.ncbi.nlm.nih.gov/articles/PMC12440227/
A43: O039 | B43: U24 | C43: P15 | D43: BA | E43: Simoes Filho | F43: Baseline enrolment 2018-2020; median follow-up 41 months | G43: Baseline IgG | H43: 348 | I43: 23 | J43: =IF(OR(H43="",I43="",H43=0),"",I43/H43) -> 0.066091954 | K43: 0.07 | N43: Unweighted reported percentage | O43: IgG ELISA; manufacturer not retrieved | P43: TRUE | Q43: DIRECT n/N | R43: PRIMARY_INDEXED_FULL_TEXT | S43: Results | T43: https://pmc.ncbi.nlm.nih.gov/articles/PMC12286324/ | U43: Source rounds prevalence to 7%; raw 23/348 is 6.61%.
A44: O040 | B44: U25 | C44: P16 | D44: CE | E44: Fortaleza endemic areas | F44: Baseline; cohort Feb 2018-Aug 2019; visit-specific range unverified | G44: IgM or IgG (combined markers) | H44: 559 | I44: 190 | J44: =IF(OR(H44="",I44="",H44=0),"",I44/H44) -> 0.33989267 | K44: 0.34 | L44: 0.302 | M44: 0.38 | N44: Unweighted reported percentage | O44: ELISA IgM/IgG | P44: TRUE | Q44: DIRECT n/N | R44: PRIMARY_ABSTRACT | S44: Abstract | T44: https://pubmed.ncbi.nlm.nih.gov/42525035/ | U44: Antibody decline/seroreversion means two visits cannot be read as incident infections by subtraction.
A45: O041 | B45: U26 | C45: P16 | D45: CE | E45: Fortaleza endemic areas | F45: First follow-up; cohort Feb 2018-Aug 2019; visit-specific range unverified | G45: IgM or IgG (combined markers) | H45: 559 | I45: 175 | J45: =IF(OR(H45="",I45="",H45=0),"",I45/H45) -> 0.31305903 | K45: 0.313 | L45: 0.276 | M45: 0.353 | N45: Unweighted reported percentage | O45: ELISA IgM/IgG | P45: TRUE | Q45: DIRECT n/N | R45: PRIMARY_ABSTRACT | S45: Abstract | T45: https://pubmed.ncbi.nlm.nih.gov/42525035/ | U45: Antibody decline/seroreversion means two visits cannot be read as incident infections by subtraction.
A46: O042 | B46: U27 | C46: P17 | D46: MG | E46: Diamantina | F46: 2018-2019 | G46: IgM only | H46: 135 | I46: 1 | J46: =IF(OR(H46="",I46="",H46=0),"",I46/H46) -> 0.0074074074 | K46: 0.007 | N46: Unweighted reported percentage | O46: ELISA IgM; kit not retrieved | P46: TRUE | Q46: DIRECT n/N | R46: PRIMARY_ABSTRACT | S46: Abstract | T46: https://pubmed.ncbi.nlm.nih.gov/37454038/ | U46: Not a cumulative IgG exposure endpoint.
A47: O043 | B47: U28 | C47: P18 | D47: BA | E47: Salvador / IPERBA maternity hospital | F47: Collection dates not retrieved; publication 2023 is NOT sample date | G47: IgG | H47: 302 | J47: =IF(OR(H47="",I47="",H47=0),"",I47/H47) | K47: 0.076 | N47: Unweighted reported percentage | O47: ELISA IgG; kit not retrieved | P47: TRUE | Q47: Numerator NOT retrieved; do not reconstruct from rounded % | R47: PRIMARY_ABSTRACT | S47: Abstract | T47: https://www.sciencedirect.com/science/article/pii/S2772707623000954 | U47: No numerator inferred from rounded 7.6%.
A48: O044 | B48: U29 | C48: P19 | D48: SP | E48: Jundiai Zika Cohort / Jundiai | F48: March 2016-April 2021 | G48: IgG reactive | H48: 526 | I48: 7 | J48: =IF(OR(H48="",I48="",H48=0),"",I48/H48) -> 0.013307985 | K48: 0.0133 | N48: Unweighted reported percentage | O48: IgG serology; kit not retrieved | P48: TRUE | Q48: DIRECT n/N | R48: PRIMARY_ABSTRACT | S48: Abstract | T48: https://pubmed.ncbi.nlm.nih.gov/40638511/
A49: O045 | B49: U29 | C49: P19 | D49: SP | E49: Jundiai Zika Cohort / Jundiai | F49: March 2016-April 2021 | G49: IgM/IgG-type antibodies during delivery | H49: 526 | I49: 2 | J49: =IF(OR(H49="",I49="",H49=0),"",I49/H49) -> 0.0038022814 | K49: 0.0038 | N49: Unweighted reported percentage | O49: IgM/IgG serology; kit not retrieved | P49: FALSE | Q49: DIRECT n/N | R49: PRIMARY_ABSTRACT | S49: Abstract | T49: https://pubmed.ncbi.nlm.nih.gov/40638511/ | U49: Overlap with seven IgG-reactive participants unclear; do not sum.
A50: O046 | B50: U30 | C50: P20 | D50: SP | E50: Vila Toninho, Sao Jose do Rio Preto | F50: Baseline: 2015-10 to 2016-03 | G50: IgG | H50: 341 | I50: 1 | J50: =IF(OR(H50="",I50="",H50=0),"",I50/H50) -> 0.0029325513 | K50: 0.002 | L50: 0 | M50: 0.016 | N50: Unweighted reported percentage | O50: IgG ELISA; PRNT80 performed on selected specimens only | P50: TRUE | Q50: DIRECT n/N | R50: PRIMARY_FULL_TEXT | S50: Results | T50: https://journals.plos.org/plosntds/article?id=10.1371/journal.pntd.0012013 | U50: Reported percentage retained separately from formula-derived n/N; not PRNT-confirmed prevalence.
A51: O047 | B51: U31 | C51: P20 | D51: SP | E51: Vila Toninho, Sao Jose do Rio Preto | F51: A01: 2016-10 to 2017-03 | G51: IgG | H51: 341 | I51: 3 | J51: =IF(OR(H51="",I51="",H51=0),"",I51/H51) -> 0.008797654 | K51: 0.008 | L51: 0.003 | M51: 0.026 | N51: Unweighted reported percentage | O51: IgG ELISA; PRNT80 performed on selected specimens only | P51: TRUE | Q51: DIRECT n/N | R51: PRIMARY_FULL_TEXT | S51: Results | T51: https://journals.plos.org/plosntds/article?id=10.1371/journal.pntd.0012013 | U51: Reported percentage retained separately from formula-derived n/N; not PRNT-confirmed prevalence.
A52: O048 | B52: U32 | C52: P20 | D52: SP | E52: Vila Toninho, Sao Jose do Rio Preto | F52: A02: 2017-10 to 2018-03 | G52: IgG | H52: 341 | I52: 4 | J52: =IF(OR(H52="",I52="",H52=0),"",I52/H52) -> 0.011730205 | K52: 0.0117 | L52: 0.004 | M52: 0.03 | N52: Unweighted reported percentage | O52: IgG ELISA; PRNT80 performed on selected specimens only | P52: TRUE | Q52: DIRECT n/N | R52: PRIMARY_FULL_TEXT | S52: Results | T52: https://journals.plos.org/plosntds/article?id=10.1371/journal.pntd.0012013 | U52: Reported percentage retained separately from formula-derived n/N; not PRNT-confirmed prevalence.
A53: O049 | B53: U33 | C53: P20 | D53: SP | E53: Vila Toninho, Sao Jose do Rio Preto | F53: A03: 2018-10 to 2019-03 | G53: IgG | H53: 341 | I53: 8 | J53: =IF(OR(H53="",I53="",H53=0),"",I53/H53) -> 0.023460411 | K53: 0.0234 | L53: 0.011 | M53: 0.046 | N53: Unweighted reported percentage | O53: IgG ELISA; PRNT80 performed on selected specimens only | P53: TRUE | Q53: DIRECT n/N | R53: PRIMARY_FULL_TEXT | S53: Results | T53: https://journals.plos.org/plosntds/article?id=10.1371/journal.pntd.0012013 | U53: Reported percentage retained separately from formula-derived n/N; not PRNT-confirmed prevalence.
A54: O050 | B54: U34 | C54: P20 | D54: SP | E54: Sao Jose do Rio Preto, dengue-suspected clinical panel | F54: 2019 | G54: IgM | H54: 497 | I54: 22 | J54: =IF(OR(H54="",I54="",H54=0),"",I54/H54) -> 0.044265594 | K54: 0.0442 | N54: Unweighted reported percentage | O54: ELISA IgM | P54: TRUE | Q54: DIRECT n/N | R54: PRIMARY_FULL_TEXT | S54: Results | T54: https://journals.plos.org/plosntds/article?id=10.1371/journal.pntd.0012013 | U54: Auxiliary diagnostic positivity only.
A55: O051 | B55: U34 | C55: P20 | D55: SP | E55: Sao Jose do Rio Preto, dengue-suspected clinical panel | F55: 2019 | G55: IgG | H55: 497 | J55: =IF(OR(H55="",I55="",H55=0),"",I55/H55) | K55: 0.086 | N55: Unweighted reported percentage | O55: ELISA IgG | P55: FALSE | Q55: Numerator NOT retrieved; do not reconstruct from rounded % | R55: PRIMARY_FULL_TEXT | S55: Results | T55: https://journals.plos.org/plosntds/article?id=10.1371/journal.pntd.0012013 | U55: Auxiliary; no numerator reconstructed from 8.6%.
A56: O052 | B56: U35 | C56: P21 | D56: RJ | E56: HEMORIO blood centre, Rio de Janeiro | F56: 2019-2022 pooled | G56: CHIKV prevalence; exact marker not recovered | H56: 778 | J56: =IF(OR(H56="",I56="",H56=0),"",I56/H56) | K56: 0.213 | N56: Unweighted reported percentage | O56: Serological assay; full definition not retrieved | P56: TRUE | Q56: Numerator NOT retrieved; do not reconstruct from rounded % | R56: PRIMARY_ABSTRACT | S56: Abstract | T56: https://pubmed.ncbi.nlm.nih.gov/38970294/ | U56: Do not label as IgG-only until full text confirms.
A57: O053 | B57: U35 | C57: P21 | D57: RJ | E57: HEMORIO blood centre, Rio de Janeiro | F57: 2019-2022 pooled | G57: IgM | H57: 778 | J57: =IF(OR(H57="",I57="",H57=0),"",I57/H57) | K57: 0.047 | N57: Unweighted reported percentage | O57: Anti-CHIKV IgM | P57: FALSE | Q57: Numerator NOT retrieved; do not reconstruct from rounded % | R57: PRIMARY_ABSTRACT | S57: Abstract | T57: https://pubmed.ncbi.nlm.nih.gov/38970294/ | U57: Same donor panel; overlaps undefined main endpoint.
A58: O054 | B58: U36 | C58: P22 | D58: BA | E58: Saude | F58: 2021-2022 | G58: CHIKV IgG MIA | H58: 300 | I58: 17 | J58: =IF(OR(H58="",I58="",H58=0),"",I58/H58) -> 0.056666667 | K58: 0.057 | N58: Unweighted reported percentage | O58: Multiplex CHIKV VLP IgG MIA; 16/17 positive sera neutralization-verified | P58: TRUE | Q58: DIRECT n/N | R58: PRIMARY_INDEXED_FULL_TEXT | S58: Results: Arbovirus seroprevalence in Saude | T58: https://pmc.ncbi.nlm.nih.gov/articles/PMC13251372/
A59: O055 | B59: U36 | C59: P22 | D59: BA | E59: Saude | F59: 2021-2022 | G59: IgG ELISA | H59: 300 | J59: =IF(OR(H59="",I59="",H59=0),"",I59/H59) | K59: 0.067 | N59: Unweighted reported percentage | O59: Euroimmun IgG ELISA | P59: FALSE | Q59: Numerator NOT retrieved; do not reconstruct from rounded % | R59: PRIMARY_INDEXED_FULL_TEXT | S59: Comparison of MIA and commercial kits | T59: https://pmc.ncbi.nlm.nih.gov/articles/PMC13251372/ | U59: Same 300 sera; no raw numerator inferred; assay-discordant results discussed in article.
A60: O056 | B60: U36 | C60: P22 | D60: BA | E60: Saude | F60: 2021-2022 | G60: Neutralization-positive among MIA-positive sera with sufficient volume | H60: 16 | I60: 16 | J60: =IF(OR(H60="",I60="",H60=0),"",I60/H60) -> 1 | K60: 1 | N60: Unweighted reported percentage | O60: CHIKV neutralization | P60: FALSE | Q60: DIRECT n/N | R60: PRIMARY_INDEXED_FULL_TEXT | S60: Results | T60: https://pmc.ncbi.nlm.nih.gov/articles/PMC13251372/ | U60: Conditional validation subset, NOT population prevalence.

Sheet Survey_units
A1: Survey units
A2: Geographic/time metadata and eligibility cautions. Collection dates are not publication dates. No observation is assumed representative of an entire UF.
A4: survey_id | B4: source_id | C4: uf | D4: place | E4: collection_start | F4: collection_end | G4: date_precision | H4: collection_dates_as_reported | I4: population | J4: age_range | K4: sampling_design | L4: representativeness | M4: cohort_or_overlap_id | N4: suggested_role | O4: upstream_foi_overlap | P4: limitations | Q4: source_url
A5: U01 | B5: P01 | C5: BA | D5: Feira de Santana / George Americo | E5: 2015-10 | F5: 2015-12 | G5: MONTH_CONFLICT | H5: Abstract: Oct-Dec 2015; methods: Nov-Dec 2015; table caption: 2015-2016 | I5: Residents of selected epidemic hotspots | J5: >1 year; residence >6 months | K5: Five high-incidence census tracts; one participant sampled per household | L5: Hotspot neighbourhoods; NOT municipality-wide | M5: DIAS_2015_U01 | N5: LOCAL_CONTEXT | O5: Unknown; audit original FOI training data | P5: Collection-date descriptions differ within source; confirm exact range. | Q5: https://wwwnc.cdc.gov/eid/article/24/4/17-1370_article
A6: U02 | B6: P01 | C6: BA | D6: Riachao do Jacuipe / Alto do Cemiterio | E6: 2015-10 | F6: 2015-12 | G6: MONTH_CONFLICT | H6: Abstract: Oct-Dec 2015; methods: Nov-Dec 2015; table caption: 2015-2016 | I6: Residents of selected epidemic hotspots | J6: >1 year; residence >6 months | K6: Five high-incidence census tracts; one participant sampled per household | L6: Hotspot neighbourhoods; NOT municipality-wide | M6: DIAS_2015_U02 | N6: LOCAL_CONTEXT | O6: Unknown; audit original FOI training data | P6: Collection-date descriptions differ within source; confirm exact range. | Q6: https://wwwnc.cdc.gov/eid/article/24/4/17-1370_article
A7: U03 | B7: P02 | C7: BA | D7: Chapada rural district, Riachao do Jacuipe | E7: 2016-04 | F7: 2016-04 | G7: MONTH | H7: April 2016 | I7: Rural residents | J7: Mean 36.6 years (SD 20.9) | K7: 45 households selected from 505; 120 of 160 invited participated | L7: Rural district; not the urban hotspot in P01 | M7: CUNHA_CHAPADA | N7: LOCAL_POPULATION_PRIORITY | O7: Unknown; audit original FOI training data | Q7: https://journals.plos.org/plosntds/article?id=10.1371/journal.pntd.0005319
A8: U04 | B8: P03 | C8: BA | D8: Pau da Lima, Salvador | E8: 2016-11 | F8: 2017-02 | G8: MONTH | H8: November 2016-February 2017 | I8: Residents in three contiguous valleys | J8: >=5 years | K8: Household serosurvey | L8: Selected urban informal settlement, not Salvador city | M8: ANJOS_PAU_DA_LIMA | N8: LOCAL_CONTEXT | O8: Unknown; audit original FOI training data | P8: 1,776 enrolled; 1,772 IgG results. | Q8: https://wwwnc.cdc.gov/eid/article/26/7/19-0846_article
A9: U05 | B9: P04 | C9: CE | D9: Juazeiro do Norte | E9: 2018-06 | F9: 2018-12 | G9: MONTH | H9: June-December 2018 | I9: Urban household residents | J9: All household members invited; exact lower age not retrieved | K9: Random geographic points allocated across neighbourhoods; nearest household | L9: Municipality urban household sample; not Ceara-wide | M9: BARRETO_JUAZEIRO | N9: LOCAL_POPULATION_PRIORITY | O9: Already used in user FOI work / existing anchor | P9: Household selection and nonresponse need design-aware analysis. | Q9: https://link.springer.com/article/10.1186/s12879-020-05611-5
A10: U06 | B10: P05 | C10: CE | D10: Quixada | E10: 2019 | F10: 2019 | G10: YEAR_ONLY | H10: 2019 (title); exact months not recovered | I10: Endemic-area residents | J10: Not retrieved | K10: Cross-sectional seroepidemiological survey; full sampling frame not retrieved | L10: Local survey; municipality representativeness needs verification | M10: BRAGA_QUIXADA | N10: LOCAL_CONTEXT | O10: Already used in user FOI work / existing anchor | P10: Do not reuse previously assumed 2018-2019 dates without original methods. | Q10: https://onlinelibrary.wiley.com/doi/abs/10.1111/zph.12888
A11: U07 | B11: P06 | C11: PE | D11: Fulni-o, Aguas Belas / Itaiba | E11: 2016-08 | F11: 2017-06 | G11: DISCONTINUOUS | H11: Aug 2016 and Jun 2017; pooled | I11: PAI cardiovascular cohort adults | J11: 30-70 years | K11: Cohort-selected Indigenous / urban comparison groups | L11: Restricted age/community cohort; NOT state representative | M11: NICACIO_U07 | N11: LOCAL_CONTEXT | O11: Unknown; audit original FOI training data | P11: Cardiovascular/renal exclusions; Fulni-o pooled collection rounds not separable. | Q11: https://journals.plos.org/plosntds/article?id=10.1371/journal.pntd.0009468
A12: U08 | B12: P06 | C12: PE | D12: Truka, Cabrobo | E12: 2017-06 | F12: 2017-06 | G12: MONTH | H12: June 2017 | I12: PAI cardiovascular cohort adults | J12: 30-70 years | K12: Cohort-selected Indigenous / urban comparison groups | L12: Restricted age/community cohort; NOT state representative | M12: NICACIO_U08 | N12: LOCAL_CONTEXT | O12: Unknown; audit original FOI training data | P12: Cardiovascular/renal exclusions; Fulni-o pooled collection rounds not separable. | Q12: https://journals.plos.org/plosntds/article?id=10.1371/journal.pntd.0009468
A13: U09 | B13: P06 | C13: BA | D13: Juazeiro urban non-Indigenous comparison | E13: 2017-06 | F13: 2017-06 | G13: MONTH | H13: June 2017 | I13: PAI cardiovascular cohort adults | J13: 30-70 years | K13: Cohort-selected Indigenous / urban comparison groups | L13: Restricted age/community cohort; NOT state representative | M13: NICACIO_U09 | N13: LOCAL_CONTEXT | O13: Unknown; audit original FOI training data | P13: Cardiovascular/renal exclusions; Fulni-o pooled collection rounds not separable. | Q13: https://journals.plos.org/plosntds/article?id=10.1371/journal.pntd.0009468
A14: U10 | B14: P07 | C14: RJ | D14: Rio de Janeiro city | E14: 2018-07 | F14: 2018-10 | G14: MONTH | H14: July-October 2018 | I14: City residents | J14: All ages; see original age strata | K14: Administrative-region stratified household survey; design/nonresponse weights | L14: City population-based; NOT Rio de Janeiro state | M14: PERISSE_RIO | N14: LOCAL_POPULATION_PRIORITY | O14: Unknown; audit original FOI training data | Q14: https://journals.plos.org/plosone/article?id=10.1371/journal.pone.0243239
A15: U11 | B15: P08 | C15: AC | D15: Cruzeiro do Sul | E15: 2015-07 | F15: 2016-06 | G15: MONTH | H15: July 2015-June 2016 | I15: Pregnant women | J15: Pregnant women; age range not retrieved | K15: MINA cohort / antenatal units | L15: Maternal/infant cohort; not general population | M15: KANUNFRE_U11 | N15: RESTRICTED_POPULATION | O15: Unknown; audit original FOI training data | Q15: https://pmc.ncbi.nlm.nih.gov/articles/PMC8993149/
A16: U12 | B16: P08 | C16: AC | D16: Cruzeiro do Sul | E16: 2015-07 | F16: 2016-06 | G16: MONTH | H16: July 2015-June 2016 | I16: Unrelated newborns | J16: Newborn | K16: MINA cohort / antenatal units | L16: Maternal/infant cohort; not general population | M16: KANUNFRE_U12 | N16: EXCLUDE_INFANT_INFECTION | O16: Unknown; audit original FOI training data | P16: Newborn IgG can reflect maternal antibodies; cannot anchor infant infection burden. | Q16: https://pmc.ncbi.nlm.nih.gov/articles/PMC8993149/
A17: U13 | B17: P09 | C17: BA | D17: Feira de Santana, 30 sentinel areas | E17: 2017-04 | F17: 2017-09 | G17: MONTH_CONFLICT | H17: Apr-Sep 2017 in tables; 2016/2017 in abstract | I17: Urban residents across living-condition strata | J17: All ages; exact minimum not retrieved | K17: Random sample in 30 sentinel areas across living-condition strata | L17: Broad city sample with sentinel-area design; NOT state representative | M17: TEIXEIRA_FEIRA | N17: LOCAL_POPULATION_PRIORITY | O17: Unknown; audit original FOI training data | P17: Do not treat as same survey as P01 hotspot; dates and sampling differ. | Q17: https://journals.plos.org/plosntds/article?id=10.1371/journal.pntd.0009289
A18: U14 | B18: P10 | C18: PE | D18: Recife | E18: 2018-08 | F18: 2019-02 | G18: MONTH | H18: August 2018-February 2019 | I18: Household residents | J18: 5-65 years | K18: Stratified random household survey by socioeconomic level | L18: City population-based; NOT Pernambuco-wide | M18: BRAGA_RECIFE | N18: LOCAL_POPULATION_PRIORITY | O18: Unknown; audit original FOI training data | Q18: https://journals.plos.org/plosntds/article?id=10.1371/journal.pntd.0011270
A19: U15 | B19: P11 | C19: DF | D19: Sao Sebastiao administrative region, Federal District | E19: 2020-02 | F19: 2021-01 | G19: DISCONTINUOUS | H19: Feb-Mar 2020 and Oct 2020-Jan 2021; pooled | I19: Residents sampled from households | J19: Invited >=5 years; results describe ages 18-87; verify | K19: Random household survey in two pandemic-separated phases | L19: Administrative region, including area later Jardin Botanico; NOT entire DF | M19: NOBRE_DF | N19: LOCAL_POPULATION_PRIORITY | O19: Unknown; audit original FOI training data | P19: Assay brands changed between phases; exact age frame and numerator need verification. | Q19: https://link.springer.com/article/10.1186/s12879-025-10516-2
A20: U16 | B20: P12 | C20: AP | D20: Macapa / HEMOAP | E20: 2015 | F20: 2015 | G20: YEAR_ONLY | H20: 2015 | I20: Volunteer blood donors | J20: Donation-eligible; exact ages not retrieved | K20: Blood donation sample | L20: Healthy donor population only | M20: SLAVOV_U16 | N20: RESTRICTED_POPULATION | O20: Unknown; audit original FOI training data | Q20: https://pubmed.ncbi.nlm.nih.gov/30370414/
A21: U17 | B21: P12 | C21: SP | D21: Ribeirao Preto blood centre | E21: 2016 | F21: 2016 | G21: YEAR_ONLY | H21: 2016 | I21: Volunteer blood donors | J21: Donation-eligible; exact ages not retrieved | K21: Blood donation sample | L21: Healthy donor population only | M21: SLAVOV_U17 | N21: RESTRICTED_POPULATION | O21: Unknown; audit original FOI training data | Q21: https://pubmed.ncbi.nlm.nih.gov/30370414/
A22: U18 | B22: P13 | C22: DF | D22: Federal District blood donors | E22: 2019 | F22: 2019 | G22: YEAR_QUALIFIED | H22: Early 2019 outbreak | I22: Volunteer blood donors | J22: Donation-eligible; exact ages not retrieved | K22: 450 volunteer donations | L22: Donor population only | M22: MENDES_DF | N22: RESTRICTED_POPULATION | O22: Unknown; audit original FOI training data | Q22: https://onlinelibrary.wiley.com/doi/10.1111/tme.12870
A23: U19 | B23: P14 | C23: BA | D23: Alto do Cabrito, Salvador | E23: 2018-03 | F23: 2018-10 | G23: MONTH | H23: March-October 2018 | I23: Residents in four informal settlements | J23: >=5 years; resident >=6 months | K23: Community census / household recruitment | L23: Selected neighbourhoods only | M23: TRAVIS_SALVADOR | N23: LOCAL_CONTEXT | O23: Unknown; audit original FOI training data | P23: Pooled U23 duplicates U19-U22; 1,318 samples, 1,316 conclusive IgG results. | Q23: https://pmc.ncbi.nlm.nih.gov/articles/PMC12440227/
A24: U20 | B24: P14 | C24: BA | D24: Marechal Rondon, Salvador | E24: 2018-03 | F24: 2018-10 | G24: MONTH | H24: March-October 2018 | I24: Residents in four informal settlements | J24: >=5 years; resident >=6 months | K24: Community census / household recruitment | L24: Selected neighbourhoods only | M24: TRAVIS_SALVADOR | N24: LOCAL_CONTEXT | O24: Unknown; audit original FOI training data | P24: Pooled U23 duplicates U19-U22; 1,318 samples, 1,316 conclusive IgG results. | Q24: https://pmc.ncbi.nlm.nih.gov/articles/PMC12440227/
A25: U21 | B25: P14 | C25: BA | D25: Nova Constituinte, Salvador | E25: 2018-03 | F25: 2018-10 | G25: MONTH | H25: March-October 2018 | I25: Residents in four informal settlements | J25: >=5 years; resident >=6 months | K25: Community census / household recruitment | L25: Selected neighbourhoods only | M25: TRAVIS_SALVADOR | N25: LOCAL_CONTEXT | O25: Unknown; audit original FOI training data | P25: Pooled U23 duplicates U19-U22; 1,318 samples, 1,316 conclusive IgG results. | Q25: https://pmc.ncbi.nlm.nih.gov/articles/PMC12440227/
A26: U22 | B26: P14 | C26: BA | D26: Rio Sena, Salvador | E26: 2018-03 | F26: 2018-10 | G26: MONTH | H26: March-October 2018 | I26: Residents in four informal settlements | J26: >=5 years; resident >=6 months | K26: Community census / household recruitment | L26: Selected neighbourhoods only | M26: TRAVIS_SALVADOR | N26: LOCAL_CONTEXT | O26: Unknown; audit original FOI training data | P26: Pooled U23 duplicates U19-U22; 1,318 samples, 1,316 conclusive IgG results. | Q26: https://pmc.ncbi.nlm.nih.gov/articles/PMC12440227/
A27: U23 | B27: P14 | C27: BA | D27: Four Salvador communities pooled | E27: 2018-03 | F27: 2018-10 | G27: MONTH | H27: March-October 2018 | I27: Residents in four informal settlements | J27: >=5 years; resident >=6 months | K27: Community census / household recruitment | L27: Selected neighbourhoods only | M27: TRAVIS_SALVADOR | N27: POOLED_DUPLICATE | O27: Unknown; audit original FOI training data | P27: Pooled U23 duplicates U19-U22; 1,318 samples, 1,316 conclusive IgG results. | Q27: https://pmc.ncbi.nlm.nih.gov/articles/PMC12440227/
A28: U24 | B28: P15 | C28: BA | D28: Simoes Filho | E28: 2018 | F28: 2020 | G28: ENROLMENT_WINDOW | H28: Baseline enrolment 2018-2020; median follow-up 41 months | I28: Children in dengue-vaccine trial cohort | J28: 2-17 years | K28: Nested prospective pediatric cohort; baseline serology | L28: Pediatric trial cohort only | M28: PEREIRA_PEDIATRIC | N28: RESTRICTED_POPULATION | O28: Unknown; audit original FOI training data | P28: 23 baseline positive; do not treat 53 incident mixed-diagnostic infections as endpoint seroprevalence. | Q28: https://pmc.ncbi.nlm.nih.gov/articles/PMC12286324/
A29: U25 | B29: P16 | C29: CE | D29: Fortaleza endemic areas | E29: 2018-02 | F29: 2019-08 | G29: COHORT_WINDOW_NOT_VISIT_DATE | H29: Baseline; cohort Feb 2018-Aug 2019; visit-specific range unverified | I29: Women, paired samples | J29: 15-39 years | K29: Longitudinal female cohort after 2017 outbreak | L29: Women in endemic areas, NOT all Fortaleza residents | M29: NOGUEIRA_FORTALEZA_PAIRED | N29: RESTRICTED_POPULATION | O29: Unknown; audit original FOI training data | P29: Same 559 women at two visits; do not treat visits as independent. | Q29: https://pubmed.ncbi.nlm.nih.gov/42525035/
A30: U26 | B30: P16 | C30: CE | D30: Fortaleza endemic areas | E30: 2018-02 | F30: 2019-08 | G30: COHORT_WINDOW_NOT_VISIT_DATE | H30: First follow-up; cohort Feb 2018-Aug 2019; visit-specific range unverified | I30: Women, paired samples | J30: 15-39 years | K30: Longitudinal female cohort after 2017 outbreak | L30: Women in endemic areas, NOT all Fortaleza residents | M30: NOGUEIRA_FORTALEZA_PAIRED | N30: RESTRICTED_POPULATION | O30: Unknown; audit original FOI training data | P30: Same 559 women at two visits; do not treat visits as independent. | Q30: https://pubmed.ncbi.nlm.nih.gov/42525035/
A31: U27 | B31: P17 | C31: MG | D31: Diamantina | E31: 2018 | F31: 2019 | G31: YEAR_RANGE | H31: 2018-2019 | I31: Asymptomatic pregnant women | J31: Adult pregnant cohort; range not retrieved | K31: Antenatal cohort | L31: Restricted pregnancy sample; IgM only | M31: SANTOS_DIAMANTINA | N31: RECENT_INFECTION_ONLY | O31: Unknown; audit original FOI training data | Q31: https://pubmed.ncbi.nlm.nih.gov/37454038/
A32: U28 | B32: P18 | C32: BA | D32: Salvador / IPERBA maternity hospital | G32: NOT_RETRIEVED | H32: Collection dates not retrieved; publication 2023 is NOT sample date | I32: Immediate postpartum women | J32: Median 26 years; IQR 21-33 | K32: Hospital cross-sectional maternity sample | L32: Hospital-selected women only | M32: BASTOS_IPERBA | N32: HOLD_MISSING_DATE | O32: Unknown; audit original FOI training data | Q32: https://www.sciencedirect.com/science/article/pii/S2772707623000954
A33: U29 | B33: P19 | C33: SP | D33: Jundiai Zika Cohort / Jundiai | E33: 2016-03 | F33: 2021-04 | G33: MONTH | H33: March 2016-April 2021 | I33: High-risk pregnant women | J33: Range not retrieved | K33: Clinical pregnancy cohort | L33: High-risk pregnancy sample; recruitment catchment needs confirmation | M33: FAJARDO_JUNDIAI | N33: RESTRICTED_POPULATION | O33: Unknown; audit original FOI training data | P33: No year-disaggregated data recovered; Jundiai identified through named cohort and affiliations. | Q33: https://pubmed.ncbi.nlm.nih.gov/40638511/
A34: U30 | B34: P20 | C34: SP | D34: Vila Toninho, Sao Jose do Rio Preto | E34: 2015-10 | F34: 2016-03 | G34: MONTH | H34: Baseline: 2015-10 to 2016-03 | I34: Resident cohort complete-follow-up subset | J34: >=10 years | K34: 1,517 enrolled; 341 completed all four visits | L34: Neighbourhood cohort; strong complete-case selection | M34: ZINI_VILA_TONINHO_PAIRED | N34: LOCAL_LONGITUDINAL | O34: Unknown; audit original FOI training data | P34: Same persons across visits; source rounding differs from raw fractions. | Q34: https://journals.plos.org/plosntds/article?id=10.1371/journal.pntd.0012013
A35: U31 | B35: P20 | C35: SP | D35: Vila Toninho, Sao Jose do Rio Preto | E35: 2016-10 | F35: 2017-03 | G35: MONTH | H35: A01: 2016-10 to 2017-03 | I35: Resident cohort complete-follow-up subset | J35: >=10 years | K35: 1,517 enrolled; 341 completed all four visits | L35: Neighbourhood cohort; strong complete-case selection | M35: ZINI_VILA_TONINHO_PAIRED | N35: LOCAL_LONGITUDINAL | O35: Unknown; audit original FOI training data | P35: Same persons across visits; source rounding differs from raw fractions. | Q35: https://journals.plos.org/plosntds/article?id=10.1371/journal.pntd.0012013
A36: U32 | B36: P20 | C36: SP | D36: Vila Toninho, Sao Jose do Rio Preto | E36: 2017-10 | F36: 2018-03 | G36: MONTH | H36: A02: 2017-10 to 2018-03 | I36: Resident cohort complete-follow-up subset | J36: >=10 years | K36: 1,517 enrolled; 341 completed all four visits | L36: Neighbourhood cohort; strong complete-case selection | M36: ZINI_VILA_TONINHO_PAIRED | N36: LOCAL_LONGITUDINAL | O36: Unknown; audit original FOI training data | P36: Same persons across visits; source rounding differs from raw fractions. | Q36: https://journals.plos.org/plosntds/article?id=10.1371/journal.pntd.0012013
A37: U33 | B37: P20 | C37: SP | D37: Vila Toninho, Sao Jose do Rio Preto | E37: 2018-10 | F37: 2019-03 | G37: MONTH | H37: A03: 2018-10 to 2019-03 | I37: Resident cohort complete-follow-up subset | J37: >=10 years | K37: 1,517 enrolled; 341 completed all four visits | L37: Neighbourhood cohort; strong complete-case selection | M37: ZINI_VILA_TONINHO_PAIRED | N37: LOCAL_LONGITUDINAL | O37: Unknown; audit original FOI training data | P37: Same persons across visits; source rounding differs from raw fractions. | Q37: https://journals.plos.org/plosntds/article?id=10.1371/journal.pntd.0012013
A38: U34 | B38: P20 | C38: SP | D38: Sao Jose do Rio Preto, dengue-suspected clinical panel | E38: 2019 | F38: 2019 | G38: YEAR_ONLY | H38: 2019 | I38: Dengue-suspected patients | J38: Not retrieved | K38: Separate clinical diagnostic panel | L38: Clinical test positivity, not community prevalence | M38: ZINI_CLINICAL_2019 | N38: EXCLUDE_CLINICAL_POSITIVITY | O38: Unknown; audit original FOI training data | Q38: https://journals.plos.org/plosntds/article?id=10.1371/journal.pntd.0012013
A39: U35 | B39: P21 | C39: RJ | D39: HEMORIO blood centre, Rio de Janeiro | E39: 2019 | F39: 2022 | G39: YEAR_RANGE | H39: 2019-2022 pooled | I39: Blood donations | J39: Donation-eligible; range not retrieved | K39: Serological/molecular screening of donations | L39: Donor sample only; pooled over four years | M39: SANTANNA_HEMORIO | N39: HOLD_ENDPOINT_DEFINITION | O39: Unknown; audit original FOI training data | Q39: https://pubmed.ncbi.nlm.nih.gov/38970294/
A40: U36 | B40: P22 | C40: BA | D40: Saude | E40: 2021 | F40: 2022 | G40: YEAR_RANGE | H40: 2021-2022 | I40: Town residents / field serum sample | J40: 11-91 years; mean 42.1 | K40: 300 field sera; exact probability-sampling frame not retrieved | L40: Local sample; not established town-representative | M40: WANG_SAUDE | N40: LOCAL_CONTEXT | O40: Unknown; audit original FOI training data | P40: 16/17 CHIKV-MIA-positive sera had enough volume for neutralization; all 16 confirmed. | Q40: https://pmc.ncbi.nlm.nih.gov/articles/PMC13251372/

Sheet Age_strata
A1: Age strata
A2: Only directly recovered age-specific counts. Nested in parent samples; not additional independent observations. Original age labels retained.
A4: stratum_id | B4: survey_id | C4: source_id | D4: uf | E4: age_group_as_reported | F4: n_tested | G4: n_positive | H4: raw_proportion | I4: reported_proportion | J4: source_locator | K4: source_url | L4: notes
A5: A001 | B5: U01 | C5: P01 | D5: BA | E5: 1-19 | F5: 88 | G5: 46 | H5: =IF(OR(F5="",G5="",F5=0),"",G5/F5) -> 0.52272727 | J5: Table 1 | K5: https://wwwnc.cdc.gov/eid/article/24/4/17-1370_article | L5: Preserve age label >60 as printed.
A6: A002 | B6: U01 | C6: P01 | D6: BA | E6: 20-39 | F6: 123 | G6: 72 | H6: =IF(OR(F6="",G6="",F6=0),"",G6/F6) -> 0.58536585 | J6: Table 1 | K6: https://wwwnc.cdc.gov/eid/article/24/4/17-1370_article | L6: Preserve age label >60 as printed.
A7: A003 | B7: U01 | C7: P01 | D7: BA | E7: 40-59 | F7: 121 | G7: 69 | H7: =IF(OR(F7="",G7="",F7=0),"",G7/F7) -> 0.57024793 | J7: Table 1 | K7: https://wwwnc.cdc.gov/eid/article/24/4/17-1370_article | L7: Preserve age label >60 as printed.
A8: A004 | B8: U01 | C8: P01 | D8: BA | E8: >60 | F8: 53 | G8: 33 | H8: =IF(OR(F8="",G8="",F8=0),"",G8/F8) -> 0.62264151 | J8: Table 1 | K8: https://wwwnc.cdc.gov/eid/article/24/4/17-1370_article | L8: Preserve age label >60 as printed.
A9: A005 | B9: U02 | C9: P01 | D9: BA | E9: 1-19 | F9: 45 | G9: 17 | H9: =IF(OR(F9="",G9="",F9=0),"",G9/F9) -> 0.37777778 | J9: Table 1 | K9: https://wwwnc.cdc.gov/eid/article/24/4/17-1370_article | L9: Preserve age label >60 as printed.
A10: A006 | B10: U02 | C10: P01 | D10: BA | E10: 20-39 | F10: 109 | G10: 55 | H10: =IF(OR(F10="",G10="",F10=0),"",G10/F10) -> 0.50458716 | J10: Table 1 | K10: https://wwwnc.cdc.gov/eid/article/24/4/17-1370_article | L10: Preserve age label >60 as printed.
A11: A007 | B11: U02 | C11: P01 | D11: BA | E11: 40-59 | F11: 144 | G11: 63 | H11: =IF(OR(F11="",G11="",F11=0),"",G11/F11) -> 0.4375 | J11: Table 1 | K11: https://wwwnc.cdc.gov/eid/article/24/4/17-1370_article | L11: Preserve age label >60 as printed.
A12: A008 | B12: U02 | C12: P01 | D12: BA | E12: >60 | F12: 148 | G12: 69 | H12: =IF(OR(F12="",G12="",F12=0),"",G12/F12) -> 0.46621622 | J12: Table 1 | K12: https://wwwnc.cdc.gov/eid/article/24/4/17-1370_article | L12: Preserve age label >60 as printed.
A13: A009 | B13: U23 | C13: P14 | D13: BA | E13: 5-15 | F13: 233 | G13: 22 | H13: =IF(OR(F13="",G13="",F13=0),"",G13/F13) -> 0.094420601 | J13: Table 1 | K13: https://pmc.ncbi.nlm.nih.gov/articles/PMC12440227/ | L13: Pooled four communities; age denominators sum to 1,307, not 1,316. Preserve source >66 label.
A14: A010 | B14: U23 | C14: P14 | D14: BA | E14: 16-25 | F14: 262 | G14: 30 | H14: =IF(OR(F14="",G14="",F14=0),"",G14/F14) -> 0.11450382 | J14: Table 1 | K14: https://pmc.ncbi.nlm.nih.gov/articles/PMC12440227/ | L14: Pooled four communities; age denominators sum to 1,307, not 1,316. Preserve source >66 label.
A15: A011 | B15: U23 | C15: P14 | D15: BA | E15: 26-45 | F15: 442 | G15: 44 | H15: =IF(OR(F15="",G15="",F15=0),"",G15/F15) -> 0.099547511 | J15: Table 1 | K15: https://pmc.ncbi.nlm.nih.gov/articles/PMC12440227/ | L15: Pooled four communities; age denominators sum to 1,307, not 1,316. Preserve source >66 label.
A16: A012 | B16: U23 | C16: P14 | D16: BA | E16: 46-65 | F16: 297 | G16: 19 | H16: =IF(OR(F16="",G16="",F16=0),"",G16/F16) -> 0.063973064 | J16: Table 1 | K16: https://pmc.ncbi.nlm.nih.gov/articles/PMC12440227/ | L16: Pooled four communities; age denominators sum to 1,307, not 1,316. Preserve source >66 label.
A17: A013 | B17: U23 | C17: P14 | D17: BA | E17: >66 | F17: 73 | G17: 6 | H17: =IF(OR(F17="",G17="",F17=0),"",G17/F17) -> 0.082191781 | J17: Table 1 | K17: https://pmc.ncbi.nlm.nih.gov/articles/PMC12440227/ | L17: Pooled four communities; age denominators sum to 1,307, not 1,316. Preserve source >66 label.
A18: A014 | B18: U25 | C18: P16 | D18: CE | E18: 15-24 | F18: 260 | G18: 92 | H18: =IF(OR(F18="",G18="",F18=0),"",G18/F18) -> 0.35384615 | I18: 0.354 | J18: Abstract | K18: https://pubmed.ncbi.nlm.nih.gov/42525035/ | L18: Age strata refer to baseline.
A19: A015 | B19: U25 | C19: P16 | D19: CE | E19: 25-39 | F19: 299 | G19: 98 | H19: =IF(OR(F19="",G19="",F19=0),"",G19/F19) -> 0.3277592 | I19: 0.328 | J19: Abstract | K19: https://pubmed.ncbi.nlm.nih.gov/42525035/ | L19: Age strata refer to baseline.

Sheet Sources
A1: Sources
A2: Primary articles with data extracted; accented place names transliterated for code compatibility. Exact membership of the Cortes 12-study input is NOT verified.
A4: source_id | B4: first_author | C4: publication_year | D4: title | E4: doi | F4: primary_url | G4: verification_level | H4: kang_bibliography_ref | I4: cortes_input_membership | J4: public_data_url | K4: access_notes | L4: accessed_on | M4: title_status
A5: P01 | B5: Dias | C5: 2018 | D5: Seroprevalence of Chikungunya Virus after Its Emergence in Brazil | E5: 10.3201/eid2404.171370 | F5: https://wwwnc.cdc.gov/eid/article/24/4/17-1370_article | G5: PRIMARY_FULL_TEXT | H5: 51 | I5: UNVERIFIED: complete 12-study input list not retrieved | K5: Age counts in Table 1. | L5: 2026-09-10 | M5: SOURCE_TITLE_ASCII_TRANSLITERATION
A6: P02 | B6: Cunha | C6: 2017 | D6: Seroprevalence of Chikungunya Virus in a Rural Community in Brazil | E6: 10.1371/journal.pntd.0005319 | F6: https://journals.plos.org/plosntds/article?id=10.1371/journal.pntd.0005319 | G6: PRIMARY_FULL_TEXT | H6: 58 | I6: UNVERIFIED: complete 12-study input list not retrieved | J6: https://journals.plos.org/plosntds/article/file?type=supplementary&id=10.1371/journal.pntd.0005319.s002 | L6: 2026-09-10 | M6: SOURCE_TITLE_ASCII_TRANSLITERATION
A7: P03 | B7: Anjos | C7: 2020 | D7: Transmission of Chikungunya Virus in an Urban Slum, Brazil | E7: 10.3201/eid2607.190846 | F7: https://wwwnc.cdc.gov/eid/article/26/7/19-0846_article | G7: PRIMARY_FULL_TEXT | H7: 57 | I7: UNVERIFIED: complete 12-study input list not retrieved | L7: 2026-09-10 | M7: SOURCE_TITLE_ASCII_TRANSLITERATION
A8: P04 | B8: Barreto | C8: 2020 | D8: Seroprevalence, spatial dispersion and factors associated with flavivirus and chikungunya infection in a risk area: a population-based seroprevalence study in Brazil | E8: 10.1186/s12879-020-05611-5 | F8: https://link.springer.com/article/10.1186/s12879-020-05611-5 | G8: PRIMARY_FULL_TEXT | H8: 48 | I8: UNVERIFIED: complete 12-study input list not retrieved | L8: 2026-09-10 | M8: SOURCE_TITLE_ASCII_TRANSLITERATION
A9: P05 | B9: Braga | C9: 2021 | D9: Seroepidemiological survey on chikungunya in endemic zones for arboviruses in Brazil, 2019 | E9: 10.1111/zph.12888 | F9: https://onlinelibrary.wiley.com/doi/abs/10.1111/zph.12888 | G9: PRIMARY_ABSTRACT | H9: 46 | I9: UNVERIFIED: complete 12-study input list not retrieved | K9: Raw 289 positives from previous user work not independently recovered; left blank. | L9: 2026-09-10 | M9: SOURCE_TITLE_ASCII_TRANSLITERATION
A10: P06 | B10: Nicacio | C10: 2021 | D10: Anti-chikungunya virus seroprevalence in Indigenous groups in the Sao Francisco Valley, Brazil | E10: 10.1371/journal.pntd.0009468 | F10: https://journals.plos.org/plosntds/article?id=10.1371/journal.pntd.0009468 | G10: PRIMARY_FULL_TEXT | H10: 56 | I10: UNVERIFIED: complete 12-study input list not retrieved | L10: 2026-09-10 | M10: SOURCE_TITLE_ASCII_TRANSLITERATION
A11: P07 | B11: Perisse | C11: 2020 | D11: Zika, dengue and chikungunya population prevalence in Rio de Janeiro city, Brazil, and the importance of seroprevalence studies to estimate the real number of infected individuals | E11: 10.1371/journal.pone.0243239 | F11: https://journals.plos.org/plosone/article?id=10.1371/journal.pone.0243239 | G11: PRIMARY_FULL_TEXT | H11: 61 | I11: UNVERIFIED: complete 12-study input list not retrieved | K11: Participant data subject to Ministry of Health request. | L11: 2026-09-10 | M11: SOURCE_TITLE_ASCII_TRANSLITERATION
A12: P08 | B12: Kanunfre | C12: 2022 | D12: Silent circulation of Chikungunya virus among pregnant women and newborns in the Western Brazilian Amazon before the first outbreak of chikungunya fever | E12: 10.1590/S1678-9946202264025 | F12: https://pmc.ncbi.nlm.nih.gov/articles/PMC8993149/ | G12: PRIMARY_INDEXED_FULL_TEXT | H12: 52 | I12: UNVERIFIED: complete 12-study input list not retrieved | L12: 2026-09-10 | M12: SOURCE_TITLE_ASCII_TRANSLITERATION
A13: P09 | B13: Teixeira | C13: 2021 | D13: Seroprevalence of Chikungunya virus and living conditions in Feira de Santana, Bahia-Brazil | E13: 10.1371/journal.pntd.0009289 | F13: https://journals.plos.org/plosntds/article?id=10.1371/journal.pntd.0009289 | G13: PRIMARY_FULL_TEXT | I13: UNVERIFIED: complete 12-study input list not retrieved | K13: Abstract describes 2016/2017; tables identify Apr-Sep 2017. Component percentages differ from overall result. | L13: 2026-09-10 | M13: SOURCE_TITLE_ASCII_TRANSLITERATION
A14: P10 | B14: Braga | C14: 2023 | D14: Seroprevalence of Dengue, Chikungunya and Zika at the epicenter of the congenital microcephaly epidemic in Northeast Brazil: a population-based survey | E14: 10.1371/journal.pntd.0011270 | F14: https://journals.plos.org/plosntds/article?id=10.1371/journal.pntd.0011270 | G14: PRIMARY_FULL_TEXT | I14: UNVERIFIED: complete 12-study input list not retrieved | K14: Post-2022 publication; prior preprint is same survey. | L14: 2026-09-10 | M14: SOURCE_TITLE_ASCII_TRANSLITERATION
A15: P11 | B15: Nobre | C15: 2025 | D15: Seroprevalence of dengue, Zika, and chikungunya in Sao Sebastiao, Brazil (2020-2021): a population-based survey | E15: 10.1186/s12879-025-10516-2 | F15: https://link.springer.com/article/10.1186/s12879-025-10516-2 | G15: PRIMARY_FULL_TEXT | I15: UNVERIFIED: complete 12-study input list not retrieved | L15: 2026-09-10 | M15: SOURCE_TITLE_ASCII_TRANSLITERATION
A16: P12 | B16: Slavov | C16: 2018 | D16: Seroprevalence of Chikungunya virus in blood donors from Northern and Southeastern Brazil | E16: 10.1016/j.htct.2018.04.002 | F16: https://pubmed.ncbi.nlm.nih.gov/30370414/ | G16: PRIMARY_ABSTRACT | I16: UNVERIFIED: complete 12-study input list not retrieved | L16: 2026-09-10 | M16: SOURCE_TITLE_ASCII_TRANSLITERATION
A17: P13 | B17: Silva Mendes | C17: 2022 | D17: Chikungunya virus seroprevalence in asymptomatic blood donors during an outbreak in the Federal District of Brazil | E17: 10.1111/tme.12870 | F17: https://onlinelibrary.wiley.com/doi/10.1111/tme.12870 | G17: PRIMARY_ABSTRACT | I17: UNVERIFIED: complete 12-study input list not retrieved | L17: 2026-09-10 | M17: SOURCE_TITLE_ASCII_TRANSLITERATION
A18: P14 | B18: Travis | C18: 2025 | D18: Topography and environmental deficiencies are associated with chikungunya virus exposure in urban informal settlements in Salvador, Brazil | E18: 10.1371/journal.pntd.0013477 | F18: https://pmc.ncbi.nlm.nih.gov/articles/PMC12440227/ | G18: PRIMARY_INDEXED_FULL_TEXT | I18: UNVERIFIED: complete 12-study input list not retrieved | J18: https://osf.io/4f975/ | K18: Final article replaces 2024 preprint; use final sample counts only. | L18: 2026-09-10 | M18: SOURCE_TITLE_ASCII_TRANSLITERATION
A19: P15 | B19: Pereira | C19: 2025 | D19: Chikungunya in a pediatric cohort: Asymptomatic infection, seroconversion, and chronicity rates | E19: 10.1371/journal.pntd.0013254 | F19: https://pmc.ncbi.nlm.nih.gov/articles/PMC12286324/ | G19: PRIMARY_INDEXED_FULL_TEXT | I19: UNVERIFIED: complete 12-study input list not retrieved | K19: Cohort nested in Butantan DEN-03. | L19: 2026-09-10 | M19: SOURCE_TITLE_ASCII_TRANSLITERATION
A20: P16 | B20: Nogueira | C20: 2026 | D20: Kinetics of IgG-specific antibodies against chikungunya virus in a female cohort study in Brazil, 2018-2019 | E20: 10.1590/1413-81232026316.08432023 | F20: https://pubmed.ncbi.nlm.nih.gov/42525035/ | G20: PRIMARY_ABSTRACT | I20: UNVERIFIED: complete 12-study input list not retrieved | K20: 2026 volume; PubMed reports online date 2025-05-16. Abstract prevalence combines IgM/IgG despite IgG in title. | L20: 2026-09-10 | M20: SOURCE_TITLE_ASCII_TRANSLITERATION
A21: P17 | B21: Santos | C21: 2023 | D21: Seroprevalence of Dengue, Chikungunya, and Zika viruses antibodies in a cohort of asymptomatic pregnant women in a low-income region of Minas Gerais, Brazil, 2018-2019 | E21: 10.1007/s42770-023-01054-7 | F21: https://pubmed.ncbi.nlm.nih.gov/37454038/ | G21: PRIMARY_ABSTRACT | I21: UNVERIFIED: complete 12-study input list not retrieved | L21: 2026-09-10 | M21: SOURCE_TITLE_ASCII_TRANSLITERATION
A22: P18 | B22: Bastos Filho | C22: 2023 | D22: High seroprevalence of antibodies against arboviruses in postpartum women in Salvador, Brazil | E22: 10.1016/j.ijregi.2023.09.004 | F22: https://www.sciencedirect.com/science/article/pii/S2772707623000954 | G22: PRIMARY_ABSTRACT | I22: UNVERIFIED: complete 12-study input list not retrieved | K22: Collection period not recovered; obtain full methods before time-specific use. | L22: 2026-09-10 | M22: SOURCE_TITLE_ASCII_TRANSLITERATION
A23: P19 | B23: Fajardo | C23: 2025 | D23: Serology survey of chikungunya virus in high-risk pregnant women and placental tissue findings | E23: 10.1590/S1678-9946202567043 | F23: https://pubmed.ncbi.nlm.nih.gov/40638511/ | G23: PRIMARY_ABSTRACT | I23: UNVERIFIED: complete 12-study input list not retrieved | L23: 2026-09-10 | M23: SOURCE_TITLE_ASCII_TRANSLITERATION
A24: P20 | B24: Zini | C24: 2024 | D24: Cryptic circulation of chikungunya virus in Sao Jose do Rio Preto, Brazil, 2015-2019 | E24: 10.1371/journal.pntd.0012013 | F24: https://journals.plos.org/plosntds/article?id=10.1371/journal.pntd.0012013 | G24: PRIMARY_FULL_TEXT | I24: UNVERIFIED: complete 12-study input list not retrieved | K24: Same 341 complete-follow-up participants across four visits. | L24: 2026-09-10 | M24: SOURCE_TITLE_ASCII_TRANSLITERATION
A25: P21 | B25: Sant'Anna | C25: 2024 | D25: Urban arbovirus exposure in blood donations from an endemic area of Brazil | E25: 10.1111/vox.13707 | F25: https://pubmed.ncbi.nlm.nih.gov/38970294/ | G25: PRIMARY_ABSTRACT | I25: UNVERIFIED: complete 12-study input list not retrieved | K25: CHIKV prevalence 21.3% marker definition needs full text; IgM 4.7% separately reported. | L25: 2026-09-10 | M25: SOURCE_TITLE_ASCII_TRANSLITERATION
A26: P22 | B26: Wang | C26: 2026 | D26: Identification of multiple arbovirus infections/exposure in Northeastern Brazil using a multiplex microsphere immunoassay | E26: 10.1128/jcm.00013-26 | F26: https://pmc.ncbi.nlm.nih.gov/articles/PMC13251372/ | G26: PRIMARY_INDEXED_FULL_TEXT | I26: UNVERIFIED: complete 12-study input list not retrieved | K26: Online 2026-04-30; final issue 2026-06-10. Field survey separated from 374 diagnostic-control sera. | L26: 2026-09-10 | M26: SOURCE_TITLE_ASCII_TRANSLITERATION

Sheet Review_trace
A1: Review trace
A2: Requested seed-paper tracing. Bibliography citation, primary-value verification, and confirmed model input are different provenance levels.
A4: seed | B4: seed_doi | C4: source_id | D4: relationship | E4: reference_number | F4: provenance_url | G4: primary_verification | H4: limitation
A5: Kang 2024 | B5: 10.1016/S1473-3099(23)00810-1 | C5: P01 | D5: Bibliography citation recovered; exact analytic inclusion unverified | E5: 51 | F5: https://ouci.dntb.gov.ua/en/works/9jKNnwg7/ | G5: https://wwwnc.cdc.gov/eid/article/24/4/17-1370_article | H5: Review supplement/extraction table not retrieved. Reference index used only for tracing; values taken from primary paper.
A6: Kang 2024 | B6: 10.1016/S1473-3099(23)00810-1 | C6: P02 | D6: Bibliography citation recovered; exact analytic inclusion unverified | E6: 58 | F6: https://ouci.dntb.gov.ua/en/works/9jKNnwg7/ | G6: https://journals.plos.org/plosntds/article?id=10.1371/journal.pntd.0005319 | H6: Review supplement/extraction table not retrieved. Reference index used only for tracing; values taken from primary paper.
A7: Kang 2024 | B7: 10.1016/S1473-3099(23)00810-1 | C7: P03 | D7: Bibliography citation recovered; exact analytic inclusion unverified | E7: 57 | F7: https://ouci.dntb.gov.ua/en/works/9jKNnwg7/ | G7: https://wwwnc.cdc.gov/eid/article/26/7/19-0846_article | H7: Review supplement/extraction table not retrieved. Reference index used only for tracing; values taken from primary paper.
A8: Kang 2024 | B8: 10.1016/S1473-3099(23)00810-1 | C8: P04 | D8: Bibliography citation recovered; exact analytic inclusion unverified | E8: 48 | F8: https://ouci.dntb.gov.ua/en/works/9jKNnwg7/ | G8: https://link.springer.com/article/10.1186/s12879-020-05611-5 | H8: Review supplement/extraction table not retrieved. Reference index used only for tracing; values taken from primary paper.
A9: Kang 2024 | B9: 10.1016/S1473-3099(23)00810-1 | C9: P05 | D9: Bibliography citation recovered; exact analytic inclusion unverified | E9: 46 | F9: https://ouci.dntb.gov.ua/en/works/9jKNnwg7/ | G9: https://onlinelibrary.wiley.com/doi/abs/10.1111/zph.12888 | H9: Review supplement/extraction table not retrieved. Reference index used only for tracing; values taken from primary paper.
A10: Kang 2024 | B10: 10.1016/S1473-3099(23)00810-1 | C10: P06 | D10: Bibliography citation recovered; exact analytic inclusion unverified | E10: 56 | F10: https://ouci.dntb.gov.ua/en/works/9jKNnwg7/ | G10: https://journals.plos.org/plosntds/article?id=10.1371/journal.pntd.0009468 | H10: Review supplement/extraction table not retrieved. Reference index used only for tracing; values taken from primary paper.
A11: Kang 2024 | B11: 10.1016/S1473-3099(23)00810-1 | C11: P07 | D11: Bibliography citation recovered; exact analytic inclusion unverified | E11: 61 | F11: https://ouci.dntb.gov.ua/en/works/9jKNnwg7/ | G11: https://journals.plos.org/plosone/article?id=10.1371/journal.pone.0243239 | H11: Review supplement/extraction table not retrieved. Reference index used only for tracing; values taken from primary paper.
A12: Kang 2024 | B12: 10.1016/S1473-3099(23)00810-1 | C12: P08 | D12: Bibliography citation recovered; exact analytic inclusion unverified | E12: 52 | F12: https://ouci.dntb.gov.ua/en/works/9jKNnwg7/ | G12: https://pmc.ncbi.nlm.nih.gov/articles/PMC8993149/ | H12: Review supplement/extraction table not retrieved. Reference index used only for tracing; values taken from primary paper.
A13: Cortes-Azuero 2025/2026 | B13: 10.1016/S1473-3099(25)00605-X | D13: Reports 12 serosurveys; complete per-study input crosswalk unavailable | F13: https://www.sciencedirect.com/science/article/pii/S147330992500605X | G13: https://www.repository.cam.ac.uk/bitstreams/408344bf-59de-47d1-8932-603310dbd0b3/download | H13: Do NOT claim all inventory rows were included in this study or that all 12 were recovered.
A14: Cortes-Azuero 2025/2026 | B14: 10.1016/S1473-3099(25)00605-X | D14: Author code/data repository identified, directory files not retrieved | F14: https://github.com/ocortesazuero/CHIKV_FOI_Brazil | H14: Need original 1_Data serosurvey table and study IDs to complete exact replication.
A15: Kang 2024 | B15: 10.1016/S1473-3099(23)00810-1 | D15: Author repository identified; exact extraction input not retrieved | F15: https://github.com/hyolimkang/CHIK | G15: https://pubmed.ncbi.nlm.nih.gov/38342105/ | H15: FOI_estimation / Meta files needed for exact inclusion and age-stratum crosswalk.
A16: Cortes-Azuero upstream review | B16: 10.1038/s41591-025-03703-w | D16: Ribeiro dos Santos 2025 supplementary source inventory identified | F16: https://www.nature.com/articles/s41591-025-03703-w | G16: https://github.com/G-ribeiro-dos-santos/chik-global-burden | H16: Supplementary Table 2 inaccessible in this session; candidate source route, not raw observation.

Sheet UF_coverage
A1: UF coverage
A2: Coverage of this inventory, not a completeness claim. A study located in a UF does not constitute a representative UF-wide serosurvey.
A4: uf | B4: state_name | C4: macroregion | D4: source_papers | E4: sample_site_time_records | F4: local_population_priority_records | G4: has_state_representative_survey | H4: source_ids | I4: coverage_note
A5: AC | B5: Acre | C5: North | D5: =COUNTIF(UF_source_links!$A$5:$A$28,A5) -> 1 | E5: =COUNTIF(Survey_units!$C$5:$C$40,A5) -> 2 | F5: =COUNTIFS(Survey_units!$C$5:$C$40,A5,Survey_units!$N$5:$N$40,"LOCAL_POPULATION_PRIORITY") -> 0 | G5: NOT ESTABLISHED | H5: P08 | I5: Contains local / selected samples only; no whole-state estimate established.
A6: AL | B6: Alagoas | C6: Northeast | D6: =COUNTIF(UF_source_links!$A$5:$A$28,A6) -> 0 | E6: =COUNTIF(Survey_units!$C$5:$C$40,A6) -> 0 | F6: =COUNTIFS(Survey_units!$C$5:$C$40,A6,Survey_units!$N$5:$N$40,"LOCAL_POPULATION_PRIORITY") -> 0 | G6: NOT ESTABLISHED | I6: No extractable observation identified in this search; NOT evidence that no survey exists.
A7: AP | B7: Amapa | C7: North | D7: =COUNTIF(UF_source_links!$A$5:$A$28,A7) -> 1 | E7: =COUNTIF(Survey_units!$C$5:$C$40,A7) -> 1 | F7: =COUNTIFS(Survey_units!$C$5:$C$40,A7,Survey_units!$N$5:$N$40,"LOCAL_POPULATION_PRIORITY") -> 0 | G7: NOT ESTABLISHED | H7: P12 | I7: Contains local / selected samples only; no whole-state estimate established.
A8: AM | B8: Amazonas | C8: North | D8: =COUNTIF(UF_source_links!$A$5:$A$28,A8) -> 0 | E8: =COUNTIF(Survey_units!$C$5:$C$40,A8) -> 0 | F8: =COUNTIFS(Survey_units!$C$5:$C$40,A8,Survey_units!$N$5:$N$40,"LOCAL_POPULATION_PRIORITY") -> 0 | G8: NOT ESTABLISHED | I8: No extractable observation identified in this search; NOT evidence that no survey exists.
A9: BA | B9: Bahia | C9: Northeast | D9: =COUNTIF(UF_source_links!$A$5:$A$28,A9) -> 9 | E9: =COUNTIF(Survey_units!$C$5:$C$40,A9) -> 14 | F9: =COUNTIFS(Survey_units!$C$5:$C$40,A9,Survey_units!$N$5:$N$40,"LOCAL_POPULATION_PRIORITY") -> 2 | G9: NOT ESTABLISHED | H9: P01; P02; P03; P06; P09; P14; P15; P18; P22 | I9: Contains local / selected samples only; no whole-state estimate established.
A10: CE | B10: Ceara | C10: Northeast | D10: =COUNTIF(UF_source_links!$A$5:$A$28,A10) -> 3 | E10: =COUNTIF(Survey_units!$C$5:$C$40,A10) -> 4 | F10: =COUNTIFS(Survey_units!$C$5:$C$40,A10,Survey_units!$N$5:$N$40,"LOCAL_POPULATION_PRIORITY") -> 1 | G10: NOT ESTABLISHED | H10: P04; P05; P16 | I10: Contains local / selected samples only; no whole-state estimate established.
A11: DF | B11: Distrito Federal | C11: Central-West | D11: =COUNTIF(UF_source_links!$A$5:$A$28,A11) -> 2 | E11: =COUNTIF(Survey_units!$C$5:$C$40,A11) -> 2 | F11: =COUNTIFS(Survey_units!$C$5:$C$40,A11,Survey_units!$N$5:$N$40,"LOCAL_POPULATION_PRIORITY") -> 1 | G11: NOT ESTABLISHED | H11: P11; P13 | I11: Contains local / selected samples only; no whole-state estimate established.
A12: ES | B12: Espirito Santo | C12: Southeast | D12: =COUNTIF(UF_source_links!$A$5:$A$28,A12) -> 0 | E12: =COUNTIF(Survey_units!$C$5:$C$40,A12) -> 0 | F12: =COUNTIFS(Survey_units!$C$5:$C$40,A12,Survey_units!$N$5:$N$40,"LOCAL_POPULATION_PRIORITY") -> 0 | G12: NOT ESTABLISHED | I12: No extractable observation identified in this search; NOT evidence that no survey exists.
A13: GO | B13: Goias | C13: Central-West | D13: =COUNTIF(UF_source_links!$A$5:$A$28,A13) -> 0 | E13: =COUNTIF(Survey_units!$C$5:$C$40,A13) -> 0 | F13: =COUNTIFS(Survey_units!$C$5:$C$40,A13,Survey_units!$N$5:$N$40,"LOCAL_POPULATION_PRIORITY") -> 0 | G13: NOT ESTABLISHED | I13: No extractable observation identified in this search; NOT evidence that no survey exists.
A14: MA | B14: Maranhao | C14: Northeast | D14: =COUNTIF(UF_source_links!$A$5:$A$28,A14) -> 0 | E14: =COUNTIF(Survey_units!$C$5:$C$40,A14) -> 0 | F14: =COUNTIFS(Survey_units!$C$5:$C$40,A14,Survey_units!$N$5:$N$40,"LOCAL_POPULATION_PRIORITY") -> 0 | G14: NOT ESTABLISHED | I14: No extractable observation identified in this search; NOT evidence that no survey exists.
A15: MT | B15: Mato Grosso | C15: Central-West | D15: =COUNTIF(UF_source_links!$A$5:$A$28,A15) -> 0 | E15: =COUNTIF(Survey_units!$C$5:$C$40,A15) -> 0 | F15: =COUNTIFS(Survey_units!$C$5:$C$40,A15,Survey_units!$N$5:$N$40,"LOCAL_POPULATION_PRIORITY") -> 0 | G15: NOT ESTABLISHED | I15: No extractable observation identified in this search; NOT evidence that no survey exists.
A16: MS | B16: Mato Grosso do Sul | C16: Central-West | D16: =COUNTIF(UF_source_links!$A$5:$A$28,A16) -> 0 | E16: =COUNTIF(Survey_units!$C$5:$C$40,A16) -> 0 | F16: =COUNTIFS(Survey_units!$C$5:$C$40,A16,Survey_units!$N$5:$N$40,"LOCAL_POPULATION_PRIORITY") -> 0 | G16: NOT ESTABLISHED | I16: No extractable observation identified in this search; NOT evidence that no survey exists.
A17: MG | B17: Minas Gerais | C17: Southeast | D17: =COUNTIF(UF_source_links!$A$5:$A$28,A17) -> 1 | E17: =COUNTIF(Survey_units!$C$5:$C$40,A17) -> 1 | F17: =COUNTIFS(Survey_units!$C$5:$C$40,A17,Survey_units!$N$5:$N$40,"LOCAL_POPULATION_PRIORITY") -> 0 | G17: NOT ESTABLISHED | H17: P17 | I17: Contains local / selected samples only; no whole-state estimate established.
A18: PA | B18: Para | C18: North | D18: =COUNTIF(UF_source_links!$A$5:$A$28,A18) -> 0 | E18: =COUNTIF(Survey_units!$C$5:$C$40,A18) -> 0 | F18: =COUNTIFS(Survey_units!$C$5:$C$40,A18,Survey_units!$N$5:$N$40,"LOCAL_POPULATION_PRIORITY") -> 0 | G18: NOT ESTABLISHED | I18: No extractable observation identified in this search; NOT evidence that no survey exists.
A19: PB | B19: Paraiba | C19: Northeast | D19: =COUNTIF(UF_source_links!$A$5:$A$28,A19) -> 0 | E19: =COUNTIF(Survey_units!$C$5:$C$40,A19) -> 0 | F19: =COUNTIFS(Survey_units!$C$5:$C$40,A19,Survey_units!$N$5:$N$40,"LOCAL_POPULATION_PRIORITY") -> 0 | G19: NOT ESTABLISHED | I19: No extractable observation identified in this search; NOT evidence that no survey exists.
A20: PR | B20: Parana | C20: South | D20: =COUNTIF(UF_source_links!$A$5:$A$28,A20) -> 0 | E20: =COUNTIF(Survey_units!$C$5:$C$40,A20) -> 0 | F20: =COUNTIFS(Survey_units!$C$5:$C$40,A20,Survey_units!$N$5:$N$40,"LOCAL_POPULATION_PRIORITY") -> 0 | G20: NOT ESTABLISHED | I20: No extractable observation identified in this search; NOT evidence that no survey exists.
A21: PE | B21: Pernambuco | C21: Northeast | D21: =COUNTIF(UF_source_links!$A$5:$A$28,A21) -> 2 | E21: =COUNTIF(Survey_units!$C$5:$C$40,A21) -> 3 | F21: =COUNTIFS(Survey_units!$C$5:$C$40,A21,Survey_units!$N$5:$N$40,"LOCAL_POPULATION_PRIORITY") -> 1 | G21: NOT ESTABLISHED | H21: P06; P10 | I21: Contains local / selected samples only; no whole-state estimate established.
A22: PI | B22: Piaui | C22: Northeast | D22: =COUNTIF(UF_source_links!$A$5:$A$28,A22) -> 0 | E22: =COUNTIF(Survey_units!$C$5:$C$40,A22) -> 0 | F22: =COUNTIFS(Survey_units!$C$5:$C$40,A22,Survey_units!$N$5:$N$40,"LOCAL_POPULATION_PRIORITY") -> 0 | G22: NOT ESTABLISHED | I22: No extractable observation identified in this search; NOT evidence that no survey exists.
A23: RJ | B23: Rio de Janeiro | C23: Southeast | D23: =COUNTIF(UF_source_links!$A$5:$A$28,A23) -> 2 | E23: =COUNTIF(Survey_units!$C$5:$C$40,A23) -> 2 | F23: =COUNTIFS(Survey_units!$C$5:$C$40,A23,Survey_units!$N$5:$N$40,"LOCAL_POPULATION_PRIORITY") -> 1 | G23: NOT ESTABLISHED | H23: P07; P21 | I23: Contains local / selected samples only; no whole-state estimate established.
A24: RN | B24: Rio Grande do Norte | C24: Northeast | D24: =COUNTIF(UF_source_links!$A$5:$A$28,A24) -> 0 | E24: =COUNTIF(Survey_units!$C$5:$C$40,A24) -> 0 | F24: =COUNTIFS(Survey_units!$C$5:$C$40,A24,Survey_units!$N$5:$N$40,"LOCAL_POPULATION_PRIORITY") -> 0 | G24: NOT ESTABLISHED | I24: No extractable observation identified in this search; NOT evidence that no survey exists.
A25: RS | B25: Rio Grande do Sul | C25: South | D25: =COUNTIF(UF_source_links!$A$5:$A$28,A25) -> 0 | E25: =COUNTIF(Survey_units!$C$5:$C$40,A25) -> 0 | F25: =COUNTIFS(Survey_units!$C$5:$C$40,A25,Survey_units!$N$5:$N$40,"LOCAL_POPULATION_PRIORITY") -> 0 | G25: NOT ESTABLISHED | I25: No extractable observation identified in this search; NOT evidence that no survey exists.
A26: RO | B26: Rondonia | C26: North | D26: =COUNTIF(UF_source_links!$A$5:$A$28,A26) -> 0 | E26: =COUNTIF(Survey_units!$C$5:$C$40,A26) -> 0 | F26: =COUNTIFS(Survey_units!$C$5:$C$40,A26,Survey_units!$N$5:$N$40,"LOCAL_POPULATION_PRIORITY") -> 0 | G26: NOT ESTABLISHED | I26: No extractable observation identified in this search; NOT evidence that no survey exists.
A27: RR | B27: Roraima | C27: North | D27: =COUNTIF(UF_source_links!$A$5:$A$28,A27) -> 0 | E27: =COUNTIF(Survey_units!$C$5:$C$40,A27) -> 0 | F27: =COUNTIFS(Survey_units!$C$5:$C$40,A27,Survey_units!$N$5:$N$40,"LOCAL_POPULATION_PRIORITY") -> 0 | G27: NOT ESTABLISHED | I27: No extractable observation identified in this search; NOT evidence that no survey exists.
A28: SC | B28: Santa Catarina | C28: South | D28: =COUNTIF(UF_source_links!$A$5:$A$28,A28) -> 0 | E28: =COUNTIF(Survey_units!$C$5:$C$40,A28) -> 0 | F28: =COUNTIFS(Survey_units!$C$5:$C$40,A28,Survey_units!$N$5:$N$40,"LOCAL_POPULATION_PRIORITY") -> 0 | G28: NOT ESTABLISHED | I28: No extractable observation identified in this search; NOT evidence that no survey exists.
A29: SP | B29: Sao Paulo | C29: Southeast | D29: =COUNTIF(UF_source_links!$A$5:$A$28,A29) -> 3 | E29: =COUNTIF(Survey_units!$C$5:$C$40,A29) -> 7 | F29: =COUNTIFS(Survey_units!$C$5:$C$40,A29,Survey_units!$N$5:$N$40,"LOCAL_POPULATION_PRIORITY") -> 0 | G29: NOT ESTABLISHED | H29: P12; P19; P20 | I29: Contains local / selected samples only; no whole-state estimate established.
A30: SE | B30: Sergipe | C30: Northeast | D30: =COUNTIF(UF_source_links!$A$5:$A$28,A30) -> 0 | E30: =COUNTIF(Survey_units!$C$5:$C$40,A30) -> 0 | F30: =COUNTIFS(Survey_units!$C$5:$C$40,A30,Survey_units!$N$5:$N$40,"LOCAL_POPULATION_PRIORITY") -> 0 | G30: NOT ESTABLISHED | I30: No extractable observation identified in this search; NOT evidence that no survey exists.
A31: TO | B31: Tocantins | C31: North | D31: =COUNTIF(UF_source_links!$A$5:$A$28,A31) -> 0 | E31: =COUNTIF(Survey_units!$C$5:$C$40,A31) -> 0 | F31: =COUNTIFS(Survey_units!$C$5:$C$40,A31,Survey_units!$N$5:$N$40,"LOCAL_POPULATION_PRIORITY") -> 0 | G31: NOT ESTABLISHED | I31: No extractable observation identified in this search; NOT evidence that no survey exists.

Sheet Gaps_exclusions
A1: Gaps exclusions
A2: Actionable missing data, duplicate rules, selection limitations and excluded sources. No missing value was filled by guessing.
A4: issue_id | B4: issue_type | C4: affected_ids | D4: item | E4: reason | F4: next_action | G4: source_url
A5: G01 | B5: REVIEW_INPUT_GAP | C5: All | D5: Cortes-Azuero exact 12 serosurveys | E5: Complete supplementary input list not recovered | F5: Obtain author repository 1_Data serology table; crosswalk DOI/site/date/age rows. | G5: https://github.com/ocortesazuero/CHIKV_FOI_Brazil
A6: G02 | B6: REVIEW_INPUT_GAP | C6: P01-P08 | D6: Kang analytic inclusion | E6: Eight bibliographic primary citations verified only at citation level | F6: Check original review extraction sheet; citation alone is not inclusion. | G6: https://github.com/hyolimkang/CHIK
A7: G03 | B7: EXISTING_ANCHOR | C7: U05; U06 | D7: Juazeiro / Quixada | E7: User indicates both entered upstream FOI mapping | F7: Treat as reused evidence unless leave-study-out FOI is available.
A8: G04 | B8: DUPLICATE | C8: U19-U23 | D8: Salvador pooled vs four communities | E8: U23 equals the four community samples | F8: Choose pooled OR disaggregated sites; never include both.
A9: G05 | B9: REPEATED_PEOPLE | C9: U25-U26; U30-U33 | D9: Longitudinal cohorts | E9: Paired visits share participants | F9: Retain cohort ID; do not stack as independent binomial surveys.
A10: G06 | B10: ASSAY_OVERLAP | C10: Multiple | D10: IgG / IgM / dual-positive endpoints | E10: Same sera and overlapping endpoints | F10: Select one endpoint for a given analysis or model jointly; do not sum.
A11: G07 | B11: EXCLUDE_INFANT_EXPOSURE | C11: U12 | D11: Newborn IgG | E11: Passive maternal IgG may explain seropositivity | F11: Do not interpret as infant infection; use maternal evidence only if justified.
A12: G08 | B12: LIMITED_ENDPOINT | C12: U27; U34 | D12: IgM-only / clinical panel | E12: Recent-infection or illness-selected data do not estimate cumulative community exposure | F12: Keep auxiliary; not main cumulative serology anchors.
A13: G09 | B13: DATE_GAP | C13: U28 | D13: Salvador postpartum dates | E13: Sampling period not retrieved | F13: Retrieve original methods or contact corresponding author. | G13: https://doi.org/10.1016/j.ijregi.2023.09.004
A14: G10 | B14: NUMERATOR_GAP | C14: U06; U13; U15; U28; U35 | D14: Percentages without verified n-positive | E14: Rounded/weighted percentages cannot recover exact numerator | F14: Leave blank; request raw counts/design-aware SE. Do not multiply n by prevalence and round.
A15: G11 | B15: ASSAY_GAP | C15: U35 | D15: HEMORIO main CHIKV endpoint | E15: Abstract reports 21.3% without unambiguous marker definition | F15: Obtain full text before using as cumulative IgG anchor. | G15: https://doi.org/10.1111/vox.13707
A16: G12 | B16: SOURCE_CONFLICT | C16: U03; U13; U30-U33 | D16: CI / percentage / dates | E16: Source values and raw fractions or date text differ | F16: Preserve source figures and document; do not silently correct.
A17: G13 | B17: PREPRINT_DUPLICATE | C17: P10; P14 | D17: Recife and Salvador preprints | E17: Same cohorts as final papers; Salvador sample counts changed | F17: Use final publications only. | G17: https://doi.org/10.1101/2024.05.02.24306518
A18: G14 | B18: LETTER_DUPLICATE | C18: P01 | D18: 2018 EID letter / reply | E18: No new independent serosurvey | F18: Do not add to sample count. | G18: https://doi.org/10.3201/eid2409.180724
A19: G15 | B19: FOLLOWUP_NOT_CROSS_SECTION | C19: P15 | D19: 53 incident infections | E19: 25 RNA + 28 serology; denominators 325 vs 311 differ by analysis | F19: Retrieve individual follow-up/seroconversion data; do not treat 53 as endpoint IgG-positive count. | G19: https://doi.org/10.1371/journal.pntd.0013254
A20: G16 | B20: EXCLUDE_MODEL_ESTIMATE | D20: Published FOI / S estimates | E20: Model outputs are not primary serological measurements | F20: Use only source serosurveys, not published model-derived S as raw data.
A21: G17 | B21: EXCLUDE_RNAEMIA | D21: Grebe 2026 donor surveillance, 2019-2021 | E21: 10.1111/vox.70150 measures RNAemia rather than antibody seroprevalence | F21: Possible incidence evidence, but excluded from core seroprevalence observations. | G21: https://onlinelibrary.wiley.com/doi/full/10.1111/vox.70150
A22: G18 | B22: EXCLUDE_WRONG_ENDPOINT | D22: EID 2026 active surveillance | E22: 10.3201/eid3204.250942 has CHIKV incidence; seroprevalence endpoint is primarily dengue | F22: Do not import dengue seroprevalence as CHIKV. | G22: https://wwwnc.cdc.gov/eid/article/32/4/25-0942_article
A23: G19 | B23: EXCLUDE_CLINICAL_SURVEILLANCE | D23: ITPS arbovirus reports; 2026 surveillance preprint | E23: Test positivity / routine case reports, not probability-sampled serosurveys | F23: Keep outside core seroprevalence dataset. | G23: https://www.itps.org.br/pesquisa-detalhe/monitoramento-de-arboviroses-relatorio-22
A24: G20 | B24: POTENTIAL_NEW_SOURCE | D24: Brazil adolescent vaccine-trial baseline serostatus | E24: Unvaccinated baseline sera might be informative; raw site-specific denominators not retrieved | F24: Investigate baseline serostatus before adding; no vaccinated endpoints as natural infection evidence.
A25: G21 | B25: SELECTION_BIAS | C25: U16-U18; U35 | D25: Blood donors | E25: Healthy donor / age restrictions; long pooled sampling windows | F25: Do not apply donor prevalence to whole UF without transport assumptions.
A26: G22 | B26: AGE_SELECTION | C26: U11; U24-U29 | D26: Pregnancy / female / pediatric cohorts | E26: Not all ages/sexes of municipality | F26: Use only matching strata; do not upgrade to state representative.
A27: G23 | B27: MISSING_AGE_STRATA | C27: P10; P22 and others | D27: Age-disaggregated supplementary tables | E27: Not all source age tables could be retrieved | F27: Obtain Recife age table and Wang Table S4; do not digitize missing counts as exact.
A28: G24 | B28: PROVENANCE_CAUTION | C28: All additional papers | D28: Independence from existing FOI training | E28: New to this inventory does not guarantee independence from upstream training | F28: Crosswalk source DOI and cohort against actual allfoi training data before validation.

Sheet Search_log
A1: Search log
A2: Search cutoff: 10 September 2026. Representative executed query families; targeted evidence inventory, not a fully reproducible PRISMA review.
A4: search_id | B4: search_date | C4: purpose | D4: query_or_query_family | E4: resources | F4: result | G4: scope
A5: Q01 | B5: 2026-09-10 | C5: Seed paper | D5: "The epidemiology of chikungunya virus in Brazil and the potential impact of vaccines" | E5: Publisher / PubMed / Cambridge / GitHub | F5: 12-survey count verified; exact supplement crosswalk incomplete | G5: Brazil human serology; targeted web search, not exhaustive systematic review
A6: Q02 | B6: 2026-09-10 | C6: Seed review | D6: "Chikungunya seroprevalence, force of infection, and prevalence of chronic disability" | E6: Publisher / PubMed / bibliography index / GitHub | F6: Eight Brazil primary-paper citations recovered; inclusion status kept separate | G6: Brazil human serology; targeted web search, not exhaustive systematic review
A7: Q03 | B7: 2026-09-10 | C7: Brazil update | D7: chikungunya seroprevalence Brazil 2023 2024 2025 2026 | E7: Web / PubMed / primary publishers | F7: Additional local population and restricted-population papers | G7: Brazil human serology; targeted web search, not exhaustive systematic review
A8: Q04 | B8: 2026-09-10 | C8: Population samples | D8: chikungunya seroprevalence Recife Rio de Janeiro Sao Sebastiao population-based | E8: PLOS / Springer | F8: Recife, Rio, DF primary surveys | G8: Brazil human serology; targeted web search, not exhaustive systematic review
A9: Q05 | B9: 2026-09-10 | C9: Regional search | D9: chikungunya seroprevalence Brazil Salvador Fortaleza Sao Paulo Minas Gerais Amazon | E9: Primary journals / PubMed | F9: Local cohorts and donor/maternal studies | G9: Brazil human serology; targeted web search, not exhaustive systematic review
A10: Q06 | B10: 2026-09-10 | C10: 2026 update | D10: "Chikungunya" "seroprevalence" "Brazil" "2026" | E10: Web / PubMed / ASM / Wiley | F10: Fortaleza 2026 volume; Wang 2026 added; RNAemia study excluded | G10: Brazil human serology; targeted web search, not exhaustive systematic review
A11: Q07 | B11: 2026-09-10 | C11: 2026 primary | D11: "10.1128/jcm.00013-26" "seroprevalence" | E11: PMC / ASM | F11: Saude 2021-2022, 17/300; commercial ELISA alternative retained | G11: Brazil human serology; targeted web search, not exhaustive systematic review
A12: Q08 | B12: 2026-09-10 | C12: Raw values | D12: "PMC12440227" / "0013477" chikungunya | E12: PMC / PLOS | F12: Four Salvador community denominators and positives | G12: Brazil human serology; targeted web search, not exhaustive systematic review
A13: Q09 | B13: 2026-09-10 | C13: Longitudinal | D13: "0012013" chikungunya 341 | E13: PLOS | F13: Four repeated samples in Vila Toninho; paired-cohort flag | G13: Brazil human serology; targeted web search, not exhaustive systematic review
A14: Q10 | B14: 2026-09-10 | C14: Maternal cohort | D14: "40638511" / "42525035" / "37454038" | E14: PubMed / primary abstracts | F14: Marker, time window and selection limitations retained | G14: Brazil human serology; targeted web search, not exhaustive systematic review
A15: Q11 | B15: 2026-09-10 | C15: Donors | D15: "30370414" / "10.1111/tme.12870" / "10.1111/vox.13707" | E15: PubMed / Wiley | F15: Separate donor-only endpoints; unknown marker flagged | G15: Brazil human serology; targeted web search, not exhaustive systematic review
A16: Q12 | B16: 2026-09-10 | C16: Supplement access | D16: Cortes / Kang / Ribeiro supplementary input data | E16: Elsevier / Cambridge / Springer / GitHub | F16: Some publisher supplements and repository directories inaccessible; no invented extraction | G16: Brazil human serology; targeted web search, not exhaustive systematic review

Sheet Data_dictionary
A1: Data dictionary
A2: Read before importing into Stan or R. No individual-level data and no model-derived infection counts are included.
A4: field_or_code | B4: meaning
A5: survey_id | B5: Unique sample-site-timepoint label; paired rounds share cohort ID.
A6: source_id | B6: Primary publication key; join to Sources. DOI identifies paper, not independent sample.
A7: n_tested | B7: Test-specific denominator actually stated in source; not necessarily total enrolled.
A8: n_positive | B8: Directly reported positive count; blank if not recovered. Never rounded from prevalence.
A9: raw_proportion | B9: Excel formula n_positive / n_tested. Blank when either raw count is missing.
A10: reported_proportion | B10: Published percentage stored as a fraction. May be weighted/adjusted or rounded.
A11: reported_ci_low / high | B11: Published confidence limits stored as fractions; no new CI calculated.
A12: reported_estimate_type | B12: Distinguishes raw, weighted, and other reported estimates.
A13: endpoint | B13: IgG, IgM, combined marker or restricted validation subset. Not interchangeable.
A14: preferred_endpoint_within_sample | B14: Chooses one display endpoint per survey unit; NOT approval for national model fitting.
A15: collection_start / end | B15: Precision-preserving strings: YYYY or YYYY-MM. Blank means unavailable.
... A33: No S conversion | B33: Seroprevalence is not automatically 1-S: markers, assay error, age, time and antibody persistence matter.

Sheet UF_source_links
A1: UF / primary source links
A2: One row per UF-paper pair; calculation support for coverage counts.
A4: uf | B4: source_id
A5: AC | B5: P08
A6: AP | B6: P12
A7: BA | B7: P01
A8: BA | B8: P02
A9: BA | B9: P03
A10: BA | B10: P06
A11: BA | B11: P09
A12: BA | B12: P14
A13: BA | B13: P15
A14: BA | B14: P18
A15: BA | B15: P22
... A28: SP | B28: P20
